run_name,base_instance,source,n_tasks,T,config_name,config_id,alpha_level,beta_level,gamma_level,sigma_level,seed,status,n_pareto,n_certified,min_stations,max_stations,solver_iterations_total,solver_iterations_mean,solver_iterations_max,total_cpu_s,gap_mean_pct,gap_max_pct,timestamp,config_config_name,config_config_id,config_alpha_level,config_beta_level,config_gamma_level,config_sigma_level,config_R_e_level,config_C_c_level,config_alpha_ci,config_beta_su,config_gamma_setup,config_sigma_si,config_alpha_ci_std,config_beta_su_std,config_gamma_setup_std,config_sigma_si_std,config_R_e,config_C_c,config_factor_granularity,config_seed,indicator_PF_size,indicator_HV_abs,indicator_HV_norm,indicator_ref_cost,indicator_ref_energy,indicator_ideal_cost,indicator_ideal_energy,indicator_nadir_cost,indicator_nadir_energy,indicator_spacing,indicator_spread_delta,indicator_max_spread,indicator_cost_range,indicator_energy_range,cycle_n_mode_time_exceeds_T,cycle_n_tasks_with_any_mode_exceeds_T,cycle_max_time_excess_over_T,cycle_max_time_ratio_to_T,cycle_mode_time_exceeds_T_by_mode
Otto_instance_n=100_156_c01,Otto_instance_n=100_156,Otto,100,1000.0,c01,1,low,low,low,low,1042,OK,1,1,23,23,48670,48670.0,48670,672.95,0.0,0.0,2026-06-11T06:03:30.758840,c01,1,low,low,low,low,fixed,fixed,0.977,0.3701,0.8998,1.0515,0.0711,0.0395,0.0299,0.028,0.05,5.0,task,1042,1,846.4,1.0,1012.0,9.2,920.0,0.0,920.0,0.0,0.0,1.0,0.0,0.0,0.0,0,0,0,0,{}
Otto_instance_n=100_156_c02,Otto_instance_n=100_156,Otto,100,1000.0,c02,2,low,mid,mid,mid,2042,OK,1,1,23,23,48670,48670.0,48670,645.04,0.0,0.0,2026-06-11T06:14:15.805544,c02,2,low,mid,mid,mid,fixed,fixed,0.984,0.6259,1.0041,1.1733,0.0754,0.0428,0.031,0.0432,0.05,5.0,task,2042,1,846.4,1.0,1012.0,9.2,920.0,0.0,920.0,0.0,0.0,1.0,0.0,0.0,0.0,0,0,0,0,{}
Otto_instance_n=100_156_c03,Otto_instance_n=100_156,Otto,100,1000.0,c03,3,low,high,high,high,3042,OK,1,1,23,23,48670,48670.0,48670,643.63,0.0,0.0,2026-06-11T06:24:59.439201,c03,3,low,high,high,high,fixed,fixed,0.9687,0.8772,1.0763,1.3404,0.0663,0.0451,0.0147,0.0591,0.05,5.0,task,3042,1,846.4,1.0,1012.0,9.2,920.0,0.0,920.0,0.0,0.0,1.0,0.0,0.0,0.0,0,0,0,0,{}
Otto_instance_n=100_156_c04,Otto_instance_n=100_156,Otto,100,1000.0,c04,4,mid,low,mid,high,4042,OK,1,1,23,23,48670,48670.0,48670,644.5,0.0,0.0,2026-06-11T06:35:43.950534,c04,4,mid,low,mid,high,fixed,fixed,1.4093,0.3745,1.003,1.3432,0.1038,0.0416,0.0297,0.0537,0.05,5.0,task,4042,1,846.4,1.0,1012.0,9.2,920.0,0.0,920.0,0.0,0.0,1.0,0.0,0.0,0.0,9,9,242.0,1.242,"{""SIC"": 9}"
Otto_instance_n=100_156_c05,Otto_instance_n=100_156,Otto,100,1000.0,c05,5,mid,mid,high,low,5042,OK,1,1,23,23,48670,48670.0,48670,650.83,0.0,0.0,2026-06-11T06:46:34.785098,c05,5,mid,mid,high,low,fixed,fixed,1.3935,0.6251,1.0774,1.0539,0.1112,0.0418,0.0144,0.0291,0.05,5.0,task,5042,1,846.4,1.0,1012.0,9.2,920.0,0.0,920.0,0.0,0.0,1.0,0.0,0.0,0.0,0,0,0,0,{}
Otto_instance_n=100_156_c06,Otto_instance_n=100_156,Otto,100,1000.0,c06,6,mid,high,low,mid,6042,OK,1,1,23,23,48670,48670.0,48670,644.47,0.0,0.0,2026-06-11T06:57:19.264049,c06,6,mid,high,low,mid,fixed,fixed,1.3936,0.8792,0.9008,1.1854,0.1231,0.0472,0.0304,0.0421,0.05,5.0,task,6042,1,846.4,1.0,1012.0,9.2,920.0,0.0,920.0,0.0,0.0,1.0,0.0,0.0,0.0,1,1,19.0,1.019,"{""SIC"": 1}"
Otto_instance_n=100_156_c07,Otto_instance_n=100_156,Otto,100,1000.0,c07,7,high,low,high,mid,7042,OK,1,1,23,23,48670,48670.0,48670,644.98,0.0,0.0,2026-06-11T07:08:04.250184,c07,7,high,low,high,mid,fixed,fixed,2.1842,0.3771,1.074,1.1679,0.193,0.043,0.0147,0.0427,0.05,5.0,task,7042,1,846.4,1.0,1012.0,9.2,920.0,0.0,920.0,0.0,0.0,1.0,0.0,0.0,0.0,46,19,573.0,1.573,"{""CI"": 12, ""SEC"": 15, ""SIC"": 19}"
Otto_instance_n=100_156_c08,Otto_instance_n=100_156,Otto,100,1000.0,c08,8,high,mid,low,high,8042,OK,1,1,23,23,48670,48670.0,48670,644.33,0.0,0.0,2026-06-11T07:18:48.582587,c08,8,high,mid,low,high,fixed,fixed,2.1703,0.6248,0.9025,1.3484,0.2084,0.0461,0.0296,0.0598,0.05,5.0,task,8042,1,846.4,1.0,1012.0,9.2,920.0,0.0,920.0,0.0,0.0,1.0,0.0,0.0,0.0,36,20,703.0,1.703,"{""CI"": 11, ""SEC"": 5, ""SIC"": 20}"
Otto_instance_n=100_156_c09,Otto_instance_n=100_156,Otto,100,1000.0,c09,9,high,high,mid,low,9042,OK,1,1,23,23,48670,48670.0,48670,652.1,0.0,0.0,2026-06-11T07:29:40.688896,c09,9,high,high,mid,low,fixed,fixed,2.1508,0.8771,1.0018,1.0517,0.203,0.0402,0.0282,0.0286,0.05,5.0,task,9042,1,846.4,1.0,1012.0,9.2,920.0,0.0,920.0,0.0,0.0,1.0,0.0,0.0,0.0,32,11,580.0,1.58,"{""CI"": 10, ""SEC"": 11, ""SIC"": 11}"
Otto_instance_n=100_33_c01,Otto_instance_n=100_33,Otto,100,1000.0,c01,1,low,low,low,low,1042,OK,1,1,15,15,11959,11959.0,11959,715.78,0.0,0.0,2026-06-11T07:41:36.475494,c01,1,low,low,low,low,fixed,fixed,0.977,0.3701,0.8998,1.0515,0.0711,0.0395,0.0299,0.028,0.05,5.0,task,1042,1,360.0,1.0,660.0,6.0,600.0,0.0,600.0,0.0,0.0,1.0,0.0,0.0,0.0,0,0,0,0,{}
Otto_instance_n=100_33_c02,Otto_instance_n=100_33,Otto,100,1000.0,c02,2,low,mid,mid,mid,2042,OK,1,1,15,15,11959,11959.0,11959,643.69,0.0,0.0,2026-06-11T07:52:20.166970,c02,2,low,mid,mid,mid,fixed,fixed,0.984,0.6259,1.0041,1.1733,0.0754,0.0428,0.031,0.0432,0.05,5.0,task,2042,1,360.0,1.0,660.0,6.0,600.0,0.0,600.0,0.0,0.0,1.0,0.0,0.0,0.0,0,0,0,0,{}
Otto_instance_n=100_33_c03,Otto_instance_n=100_33,Otto,100,1000.0,c03,3,low,high,high,high,3042,OK,1,1,15,15,11959,11959.0,11959,658.09,0.0,0.0,2026-06-11T08:03:18.261589,c03,3,low,high,high,high,fixed,fixed,0.9687,0.8772,1.0763,1.3404,0.0663,0.0451,0.0147,0.0591,0.05,5.0,task,3042,1,360.0,1.0,660.0,6.0,600.0,0.0,600.0,0.0,0.0,1.0,0.0,0.0,0.0,0,0,0,0,{}
Otto_instance_n=100_33_c04,Otto_instance_n=100_33,Otto,100,1000.0,c04,4,mid,low,mid,high,4042,OK,1,1,15,15,11959,11959.0,11959,658.39,0.0,0.0,2026-06-11T08:14:16.658427,c04,4,mid,low,mid,high,fixed,fixed,1.4093,0.3745,1.003,1.3432,0.1038,0.0416,0.0297,0.0537,0.05,5.0,task,4042,1,360.0,1.0,660.0,6.0,600.0,0.0,600.0,0.0,0.0,1.0,0.0,0.0,0.0,0,0,0,0,{}
Otto_instance_n=100_33_c05,Otto_instance_n=100_33,Otto,100,1000.0,c05,5,mid,mid,high,low,5042,OK,1,1,15,15,11959,11959.0,11959,643.03,0.0,0.0,2026-06-11T08:24:59.698131,c05,5,mid,mid,high,low,fixed,fixed,1.3935,0.6251,1.0774,1.0539,0.1112,0.0418,0.0144,0.0291,0.05,5.0,task,5042,1,360.0,1.0,660.0,6.0,600.0,0.0,600.0,0.0,0.0,1.0,0.0,0.0,0.0,0,0,0,0,{}
Otto_instance_n=100_33_c06,Otto_instance_n=100_33,Otto,100,1000.0,c06,6,mid,high,low,mid,6042,OK,1,1,15,15,13534,13534.0,13534,643.12,0.0,0.0,2026-06-11T08:35:42.824783,c06,6,mid,high,low,mid,fixed,fixed,1.3936,0.8792,0.9008,1.1854,0.1231,0.0472,0.0304,0.0421,0.05,5.0,task,6042,1,360.0,1.0,660.0,6.0,600.0,0.0,600.0,0.0,0.0,1.0,0.0,0.0,0.0,0,0,0,0,{}
Otto_instance_n=100_33_c07,Otto_instance_n=100_33,Otto,100,1000.0,c07,7,high,low,high,mid,7042,OK,1,1,15,15,11959,11959.0,11959,782.28,0.0,0.0,2026-06-11T08:48:45.107683,c07,7,high,low,high,mid,fixed,fixed,2.1842,0.3771,1.074,1.1679,0.193,0.043,0.0147,0.0427,0.05,5.0,task,7042,1,360.0,1.0,660.0,6.0,600.0,0.0,600.0,0.0,0.0,1.0,0.0,0.0,0.0,2,1,236.0,1.236,"{""SEC"": 1, ""SIC"": 1}"
Otto_instance_n=100_33_c08,Otto_instance_n=100_33,Otto,100,1000.0,c08,8,high,mid,low,high,8042,OK,1,1,15,15,11959,11959.0,11959,776.49,0.0,0.0,2026-06-11T09:01:41.600765,c08,8,high,mid,low,high,fixed,fixed,2.1703,0.6248,0.9025,1.3484,0.2084,0.0461,0.0296,0.0598,0.05,5.0,task,8042,1,360.0,1.0,660.0,6.0,600.0,0.0,600.0,0.0,0.0,1.0,0.0,0.0,0.0,2,2,160.0,1.16,"{""SIC"": 2}"
Otto_instance_n=100_33_c09,Otto_instance_n=100_33,Otto,100,1000.0,c09,9,high,high,mid,low,9042,OK,1,1,15,15,11959,11959.0,11959,642.01,0.0,0.0,2026-06-11T09:12:23.619489,c09,9,high,high,mid,low,fixed,fixed,2.1508,0.8771,1.0018,1.0517,0.203,0.0402,0.0282,0.0286,0.05,5.0,task,9042,1,360.0,1.0,660.0,6.0,600.0,0.0,600.0,0.0,0.0,1.0,0.0,0.0,0.0,0,0,0,0,{}
Otto_instance_n=20_146_c01,Otto_instance_n=20_146,Otto,20,1000.0,c01,1,low,low,low,low,1042,OK,4,3,2,3,11294338,2823584.5,8559517,364.29,12.5639,50.2557,2026-06-11T09:18:27.913341,c01,1,low,low,low,low,fixed,fixed,0.9872,0.3753,0.8974,1.041,0.0714,0.0374,0.0307,0.0229,0.05,5.0,task,1042,4,51450.55,0.63628,132.0,770.11,27.0,0.0,120.0,700.1,184.018117,0.693431,706.249963,93.0,700.1,0,0,0,0,{}
Otto_instance_n=20_146_c02,Otto_instance_n=20_146,Otto,20,1000.0,c02,2,low,mid,mid,mid,2042,OK,4,2,2,3,16060727,4015181.75,9562407,602.59,20.7589,45.6661,2026-06-11T09:28:30.501455,c02,2,low,mid,mid,mid,fixed,fixed,0.9747,0.6363,1.0065,1.1801,0.0751,0.0437,0.0322,0.0481,0.05,5.0,task,2042,4,48136.7,0.575487,132.0,796.62,27.0,0.0,120.0,724.2,105.378303,0.313044,730.146999,93.0,724.2,0,0,0,0,{}
Otto_instance_n=20_146_c03,Otto_instance_n=20_146,Otto,20,1000.0,c03,3,low,high,high,high,3042,OK,4,1,3,3,45122511,11280627.75,29091923,902.16,50.0385,84.9565,2026-06-11T09:43:32.662194,c03,3,low,high,high,high,fixed,fixed,0.976,0.8664,1.0726,1.3583,0.0685,0.0356,0.0126,0.0461,0.05,5.0,task,3042,4,40868.225,0.504078,132.0,772.145,27.0,0.0,120.0,701.95,52.966316,0.163181,708.083895,93.0,701.95,0,0,0,0,{}
Otto_instance_n=20_146_c04,Otto_instance_n=20_146,Otto,20,1000.0,c04,4,mid,low,mid,high,4042,OK,4,4,1,4,657479,164369.75,644118,32.94,0.0,0.0,2026-06-11T09:44:05.607181,c04,4,mid,low,mid,high,fixed,fixed,1.4377,0.3723,1.0021,1.3683,0.1027,0.0414,0.0209,0.043,0.05,5.0,task,4042,4,88354.96,0.820812,132.0,1121.285,36.0,0.0,120.0,1019.35,385.365613,0.994673,1022.805173,84.0,1019.35,0,0,0,0,{}
Otto_instance_n=20_146_c05,Otto_instance_n=20_146,Otto,20,1000.0,c05,5,mid,mid,high,low,5042,OK,4,1,2,4,36157173,9039293.25,18812008,902.12,44.6602,72.386,2026-06-11T09:59:07.727858,c05,5,mid,mid,high,low,fixed,fixed,1.4094,0.6231,1.0757,1.0525,0.0963,0.0379,0.0142,0.0279,0.05,5.0,task,5042,4,61498.94,0.595081,132.0,1076.515,36.0,0.0,120.0,978.65,173.03137,0.400801,982.248351,84.0,978.65,0,0,0,0,{}
Otto_instance_n=20_146_c06,Otto_instance_n=20_146,Otto,20,1000.0,c06,6,mid,high,low,mid,6042,OK,4,1,3,4,43264023,10816005.75,23161535,902.53,57.3875,89.6719,2026-06-11T10:14:10.261104,c06,6,mid,high,low,mid,fixed,fixed,1.4015,0.8585,0.9059,1.1681,0.1146,0.0461,0.0257,0.0498,0.05,5.0,task,6042,4,55335.48,0.531693,132.0,1084.105,36.0,0.0,120.0,985.55,86.336145,0.196275,989.123249,84.0,985.55,0,0,0,0,{}
Otto_instance_n=20_146_c07,Otto_instance_n=20_146,Otto,20,1000.0,c07,7,high,low,high,mid,7042,OK,3,3,2,3,1064503,354834.33,1036978,46.91,0.0,0.0,2026-06-11T10:14:57.168883,c07,7,high,low,high,mid,fixed,fixed,2.1571,0.3772,1.0761,1.1891,0.1865,0.0405,0.0125,0.0392,0.05,5.0,task,7042,3,8718.37,0.435825,132.0,256.465,54.0,0.0,120.0,233.15,1.587713,0.000467,242.311623,66.0,233.15,0,0,0,0,{}
Otto_instance_n=20_146_c08,Otto_instance_n=20_146,Otto,20,1000.0,c08,8,high,mid,low,high,8042,OK,5,2,2,6,27522142,5504428.4,9097881,939.17,20.3386,41.3851,2026-06-11T10:30:36.341435,c08,8,high,mid,low,high,fixed,fixed,2.1185,0.6368,0.9064,1.3656,0.2282,0.034,0.0301,0.0598,0.05,5.0,task,8042,5,77428.0,0.621718,132.0,1596.65,54.0,0.0,120.0,1451.5,300.398836,0.622734,1452.999742,66.0,1451.5,0,0,0,0,{}
Otto_instance_n=20_146_c09,Otto_instance_n=20_146,Otto,20,1000.0,c09,9,high,high,mid,low,9042,OK,4,1,2,6,44819682,11204920.5,19687861,902.38,61.2976,93.2169,2026-06-11T10:45:38.720676,c09,9,high,high,mid,low,fixed,fixed,2.1304,0.8895,1.0029,1.0461,0.1856,0.0438,0.026,0.0269,0.05,5.0,task,9042,4,83365.83,0.627526,132.0,1703.185,54.0,0.0,120.0,1548.35,249.946005,0.373293,1549.75602,66.0,1548.35,0,0,0,0,{}
Otto_instance_n=20_240_c01,Otto_instance_n=20_240,Otto,20,1000.0,c01,1,low,low,low,low,1042,OK,4,3,2,3,3795649,948912.25,3487773,313.1,9.6931,38.7725,2026-06-11T10:50:51.819499,c01,1,low,low,low,low,fixed,fixed,0.9872,0.3753,0.8974,1.041,0.0714,0.0374,0.0307,0.0229,0.05,5.0,task,1042,4,54197.35,0.627831,132.0,822.14,27.0,0.0,120.0,747.4,188.588124,0.665275,753.163833,93.0,747.4,0,0,0,0,{}
Otto_instance_n=20_240_c02,Otto_instance_n=20_240,Otto,20,1000.0,c02,2,low,mid,mid,mid,2042,OK,6,4,2,3,25311380,4218563.33,8431528,797.85,11.4997,41.2755,2026-06-11T11:04:09.671347,c02,2,low,mid,mid,mid,fixed,fixed,0.9747,0.6363,1.0065,1.1801,0.0751,0.0437,0.0322,0.0481,0.05,5.0,task,2042,6,43567.25,0.494761,132.0,838.64,27.0,0.0,120.0,762.4,129.243277,0.668351,768.051274,93.0,762.4,0,0,0,0,{}
Otto_instance_n=20_240_c03,Otto_instance_n=20_240,Otto,20,1000.0,c03,3,low,high,high,high,3042,OK,4,2,3,3,13667445,3416861.25,7166732,604.4,6.968,18.5715,2026-06-11T11:14:14.072023,c03,3,low,high,high,high,fixed,fixed,0.976,0.8664,1.0726,1.3583,0.0685,0.0356,0.0126,0.0461,0.05,5.0,task,3042,4,41784.525,0.480918,132.0,827.475,27.0,0.0,120.0,752.25,23.81062,0.079895,757.976954,93.0,752.25,0,0,0,0,{}
Otto_instance_n=20_240_c04,Otto_instance_n=20_240,Otto,20,1000.0,c04,4,mid,low,mid,high,4042,OK,4,4,2,5,216329,54082.25,150441,10.86,0.0,0.0,2026-06-11T11:14:24.932475,c04,4,mid,low,mid,high,fixed,fixed,1.4377,0.3723,1.0021,1.3683,0.1027,0.0414,0.0209,0.043,0.05,5.0,task,4042,4,86750.86,0.79045,132.0,1261.48,45.0,0.0,120.0,1146.8,361.315047,0.85397,1149.24986,75.0,1146.8,0,0,0,0,{}
Otto_instance_n=20_240_c05,Otto_instance_n=20_240,Otto,20,1000.0,c05,5,mid,mid,high,low,5042,OK,4,2,2,5,16985396,4246349.0,8894270,607.26,19.9426,50.9274,2026-06-11T11:24:32.191661,c05,5,mid,mid,high,low,fixed,fixed,1.4094,0.6231,1.0757,1.0525,0.0963,0.0379,0.0142,0.0279,0.05,5.0,task,5042,4,63029.955,0.597849,132.0,1211.815,45.0,0.0,120.0,1101.65,133.175442,0.264971,1104.200037,75.0,1101.65,0,0,0,0,{}
Otto_instance_n=20_240_c06,Otto_instance_n=20_240,Otto,20,1000.0,c06,6,mid,high,low,mid,6042,OK,5,3,2,5,23264225,4652845.0,8632784,756.9,11.669,34.8754,2026-06-11T11:37:09.098503,c06,6,mid,high,low,mid,fixed,fixed,1.4015,0.8585,0.9059,1.1681,0.1146,0.0461,0.0257,0.0498,0.05,5.0,task,6042,5,57589.35,0.545081,132.0,1214.4,45.0,0.0,120.0,1104.0,196.71876,0.49751,1106.544622,75.0,1104.0,0,0,0,0,{}
Otto_instance_n=20_240_c07,Otto_instance_n=20_240,Otto,20,1000.0,c07,7,high,low,high,mid,7042,OK,3,3,2,3,217219,72406.33,177152,10.63,0.0,0.0,2026-06-11T11:37:19.728591,c07,7,high,low,high,mid,fixed,fixed,2.1571,0.3772,1.0761,1.1891,0.1865,0.0405,0.0125,0.0392,0.05,5.0,task,7042,3,12421.38,0.469884,132.0,338.91,54.0,0.0,120.0,308.1,28.347898,0.161748,315.089844,66.0,308.1,0,0,0,0,{}
Otto_instance_n=20_240_c08,Otto_instance_n=20_240,Otto,20,1000.0,c08,8,high,mid,low,high,8042,OK,4,4,2,7,3525012,881253.0,1873276,115.08,0.0,0.0,2026-06-11T11:39:14.811009,c08,8,high,mid,low,high,fixed,fixed,2.1185,0.6368,0.9064,1.3656,0.2282,0.034,0.0301,0.0598,0.05,5.0,task,8042,4,83933.355,0.685177,132.0,1775.345,63.0,0.0,120.0,1613.95,218.837428,0.300321,1614.956223,57.0,1613.95,0,0,0,0,{}
Otto_instance_n=20_240_c09,Otto_instance_n=20_240,Otto,20,1000.0,c09,9,high,high,mid,low,9042,OK,5,2,3,7,36256889,7251377.8,15100049,1133.64,30.5916,54.9163,2026-06-11T11:58:08.449696,c09,9,high,high,mid,low,fixed,fixed,2.1304,0.8895,1.0029,1.0461,0.1856,0.0438,0.026,0.0269,0.05,5.0,task,9042,5,72403.25,0.560147,132.0,1873.3,63.0,0.0,120.0,1703.0,269.756113,0.40408,1703.953638,57.0,1703.0,0,0,0,0,{}
Otto_instance_n=20_288_c01,Otto_instance_n=20_288,Otto,20,1000.0,c01,1,low,low,low,low,1042,OK,7,7,2,6,10344097,1477728.14,4389535,491.5,0.0,0.0,2026-06-11T12:06:19.954338,c01,1,low,low,low,low,fixed,fixed,0.9872,0.3753,0.8974,1.041,0.0714,0.0374,0.0307,0.0229,0.05,5.0,task,1042,7,244585.95,0.789188,264.0,1475.815,54.0,0.0,240.0,1341.65,215.932098,0.841562,1354.481717,186.0,1341.65,0,0,0,0,{}
Otto_instance_n=20_288_c02,Otto_instance_n=20_288,Otto,20,1000.0,c02,2,low,mid,mid,mid,2042,OK,9,5,3,6,32275138,3586126.44,8742246,1464.38,16.0857,60.1928,2026-06-11T12:30:44.339016,c02,2,low,mid,mid,mid,fixed,fixed,0.9747,0.6363,1.0065,1.1801,0.0751,0.0437,0.0322,0.0481,0.05,5.0,task,2042,9,208909.05,0.667578,264.0,1490.17,54.0,0.0,240.0,1354.7,85.893719,0.446273,1367.409262,186.0,1354.7,0,0,0,0,{}
Otto_instance_n=20_288_c03,Otto_instance_n=20_288,Otto,20,1000.0,c03,3,low,high,high,high,3042,OK,8,7,5,6,23738588,2967323.5,8223992,1553.29,5.7432,45.9459,2026-06-11T12:56:37.636479,c03,3,low,high,high,high,fixed,fixed,0.976,0.8664,1.0726,1.3583,0.0685,0.0356,0.0126,0.0461,0.05,5.0,task,3042,8,189675.1,0.617232,264.0,1463.33,54.0,0.0,240.0,1330.3,125.582231,0.426813,1343.240146,186.0,1330.3,0,0,0,0,{}
Otto_instance_n=20_288_c04,Otto_instance_n=20_288,Otto,20,1000.0,c04,4,mid,low,mid,high,4042,OK,8,8,2,8,2948325,368540.62,894881,95.55,0.0,0.0,2026-06-11T12:58:13.186437,c04,4,mid,low,mid,high,fixed,fixed,1.4377,0.3723,1.0021,1.3683,0.1027,0.0414,0.0209,0.043,0.05,5.0,task,4042,8,349950.28,0.86496,264.0,2107.215,72.0,0.0,240.0,1915.65,358.294801,1.082173,1923.00258,168.0,1915.65,1,1,136.0,1.136,"{""SIC"": 1}"
Otto_instance_n=20_288_c05,Otto_instance_n=20_288,Otto,20,1000.0,c05,5,mid,mid,high,low,5042,OK,9,5,4,8,35219566,3913285.11,8362747,1582.82,16.4105,48.3,2026-06-11T13:24:36.014198,c05,5,mid,mid,high,low,fixed,fixed,1.4094,0.6231,1.0757,1.0525,0.0963,0.0379,0.0142,0.0279,0.05,5.0,task,5042,9,272576.1,0.695932,264.0,2039.95,72.0,0.0,240.0,1854.5,145.014577,0.592384,1862.09405,168.0,1854.5,0,0,0,0,{}
Otto_instance_n=20_288_c06,Otto_instance_n=20_288,Otto,20,1000.0,c06,6,mid,high,low,mid,6042,OK,8,4,5,8,37600498,4700062.25,8064307,1550.68,23.5955,56.9363,2026-06-11T13:50:26.696979,c06,6,mid,high,low,mid,fixed,fixed,1.4015,0.8585,0.9059,1.1681,0.1146,0.0461,0.0257,0.0498,0.05,5.0,task,6042,8,247063.01,0.644326,264.0,1997.105,72.0,0.0,240.0,1815.55,171.376912,0.452239,1823.306283,168.0,1815.55,0,0,0,0,{}
Otto_instance_n=20_288_c07,Otto_instance_n=20_288,Otto,20,1000.0,c07,7,high,low,high,mid,7042,OK,5,5,2,6,1312765,262553.0,604585,38.78,0.0,0.0,2026-06-11T13:51:05.483059,c07,7,high,low,high,mid,fixed,fixed,2.1571,0.3772,1.0761,1.1891,0.1865,0.0405,0.0125,0.0392,0.05,5.0,task,7042,5,28484.28,0.491644,264.0,332.97,90.0,0.0,240.0,302.7,19.553024,0.33968,337.827308,150.0,302.7,6,2,432.0,1.432,"{""CI"": 2, ""SEC"": 2, ""SIC"": 2}"
Otto_instance_n=20_288_c08,Otto_instance_n=20_288,Otto,20,1000.0,c08,8,high,mid,low,high,8042,OK,6,6,4,7,8331993,1388665.5,4042385,287.22,0.0,0.0,2026-06-11T13:55:52.703338,c08,8,high,mid,low,high,fixed,fixed,2.1185,0.6368,0.9064,1.3656,0.2282,0.034,0.0301,0.0598,0.05,5.0,task,8042,6,149119.33,0.774297,264.0,1492.92,135.0,0.0,240.0,1357.2,264.433827,0.759466,1361.255612,105.0,1357.2,6,3,769.0,1.769,"{""CI"": 2, ""SEC"": 1, ""SIC"": 3}"
Otto_instance_n=20_288_c09,Otto_instance_n=20_288,Otto,20,1000.0,c09,9,high,high,mid,low,9042,OK,8,3,4,10,44909558,5613694.75,8842392,1755.11,27.3515,66.0671,2026-06-11T14:25:07.811193,c09,9,high,high,mid,low,fixed,fixed,2.1304,0.8895,1.0029,1.0461,0.1856,0.0438,0.026,0.0269,0.05,5.0,task,9042,8,251686.18,0.745811,264.0,2445.41,126.0,0.0,240.0,2223.1,216.588978,0.754672,2226.021026,114.0,2223.1,3,1,322.0,1.322,"{""CI"": 1, ""SEC"": 1, ""SIC"": 1}"
Otto_instance_n=20_455_c01,Otto_instance_n=20_455,Otto,20,1000.0,c01,1,low,low,low,low,1042,OK,4,4,2,3,833354,208338.5,757661,43.5,0.0,0.0,2026-06-11T14:25:51.312348,c01,1,low,low,low,low,fixed,fixed,0.9872,0.3753,0.8974,1.041,0.0714,0.0374,0.0307,0.0229,0.05,5.0,task,1042,4,51806.9,0.622633,132.0,792.44,27.0,0.0,120.0,720.4,174.894983,0.640065,726.378111,93.0,720.4,0,0,0,0,{}
Otto_instance_n=20_455_c02,Otto_instance_n=20_455,Otto,20,1000.0,c02,2,low,mid,mid,mid,2042,OK,6,6,2,3,2374121,395686.83,1459719,112.66,0.0,0.0,2026-06-11T14:27:43.972488,c02,2,low,mid,mid,mid,fixed,fixed,0.9747,0.6363,1.0065,1.1801,0.0751,0.0437,0.0322,0.0481,0.05,5.0,task,2042,6,42524.125,0.490997,132.0,824.835,27.0,0.0,120.0,749.85,132.084982,0.726091,755.595145,93.0,749.85,0,0,0,0,{}
Otto_instance_n=20_455_c03,Otto_instance_n=20_455,Otto,20,1000.0,c03,3,low,high,high,high,3042,OK,4,4,3,3,1020449,255112.25,797143,46.56,0.0,0.0,2026-06-11T14:28:30.531993,c03,3,low,high,high,high,fixed,fixed,0.976,0.8664,1.0726,1.3583,0.0685,0.0356,0.0126,0.0461,0.05,5.0,task,3042,4,40831.525,0.485504,132.0,800.965,27.0,0.0,120.0,728.15,31.833561,0.098068,734.064999,93.0,728.15,0,0,0,0,{}
Otto_instance_n=20_455_c04,Otto_instance_n=20_455,Otto,20,1000.0,c04,4,mid,low,mid,high,4042,OK,4,4,2,5,178045,44511.25,159124,9.84,0.0,0.0,2026-06-11T14:28:40.373304,c04,4,mid,low,mid,high,fixed,fixed,1.4377,0.3723,1.0021,1.3683,0.1027,0.0414,0.0209,0.043,0.05,5.0,task,4042,4,83416.29,0.793341,132.0,1208.57,45.0,0.0,120.0,1098.7,354.722731,0.876834,1101.256868,75.0,1098.7,0,0,0,0,{}
Otto_instance_n=20_455_c05,Otto_instance_n=20_455,Otto,20,1000.0,c05,5,mid,mid,high,low,5042,OK,4,4,2,5,1776907,444226.75,1045523,95.26,0.0,0.0,2026-06-11T14:30:15.640793,c05,5,mid,mid,high,low,fixed,fixed,1.4094,0.6231,1.0757,1.0525,0.0963,0.0379,0.0142,0.0279,0.05,5.0,task,5042,4,60676.485,0.592799,132.0,1176.505,45.0,0.0,120.0,1069.55,124.203455,0.262662,1072.176386,75.0,1069.55,0,0,0,0,{}
Otto_instance_n=20_455_c06,Otto_instance_n=20_455,Otto,20,1000.0,c06,6,mid,high,low,mid,6042,OK,4,4,3,5,3599828,899957.0,2229922,147.73,0.0,0.0,2026-06-11T14:32:43.370338,c06,6,mid,high,low,mid,fixed,fixed,1.4015,0.8585,0.9059,1.1681,0.1146,0.0461,0.0257,0.0498,0.05,5.0,task,6042,4,55424.715,0.542301,132.0,1174.745,45.0,0.0,120.0,1067.95,57.909031,0.14802,1070.580311,75.0,1067.95,0,0,0,0,{}
Otto_instance_n=20_455_c07,Otto_instance_n=20_455,Otto,20,1000.0,c07,7,high,low,high,mid,7042,OK,3,3,2,3,61886,20628.67,53298,5.96,0.0,0.0,2026-06-11T14:32:49.334320,c07,7,high,low,high,mid,fixed,fixed,2.1571,0.3772,1.0761,1.1891,0.1865,0.0405,0.0125,0.0392,0.05,5.0,task,7042,3,10972.51,0.463015,132.0,303.82,54.0,0.0,120.0,276.2,19.803114,0.12764,283.976126,66.0,276.2,0,0,0,0,{}
Otto_instance_n=20_455_c08,Otto_instance_n=20_455,Otto,20,1000.0,c08,8,high,mid,low,high,8042,OK,5,5,2,7,485673,97134.6,351699,21.09,0.0,0.0,2026-06-11T14:33:10.429819,c08,8,high,mid,low,high,fixed,fixed,2.1185,0.6368,0.9064,1.3656,0.2282,0.034,0.0301,0.0598,0.05,5.0,task,8042,5,80192.375,0.687077,132.0,1691.525,63.0,0.0,120.0,1537.75,323.961201,0.624145,1538.806051,57.0,1537.75,0,0,0,0,{}
Otto_instance_n=20_455_c09,Otto_instance_n=20_455,Otto,20,1000.0,c09,9,high,high,mid,low,9042,OK,6,6,3,7,2699519,449919.83,1194128,134.95,0.0,0.0,2026-06-11T14:35:25.387280,c09,9,high,high,mid,low,fixed,fixed,2.1304,0.8895,1.0029,1.0461,0.1856,0.0438,0.026,0.0269,0.05,5.0,task,9042,6,73922.965,0.58997,132.0,1815.935,63.0,0.0,120.0,1650.85,241.794907,0.615824,1651.833745,57.0,1650.85,0,0,0,0,{}
Otto_instance_n=50_15_c01,Otto_instance_n=50_15,Otto,50,1000.0,c01,1,low,low,low,low,1042,OK,8,1,7,10,4616205,577025.62,1280534,7033.35,87.5,100.0,2026-06-11T16:32:38.740164,c01,1,low,low,low,low,fixed,fixed,0.9858,0.3709,0.8997,1.0438,0.0675,0.0441,0.0245,0.0277,0.05,5.0,task,1042,8,194644.16,0.570731,352.0,1564.42,134.0,0.0,320.0,1422.2,69.163982,0.252215,1434.311277,186.0,1422.2,0,0,0,0,{}
Otto_instance_n=50_15_c02,Otto_instance_n=50_15,Otto,50,1000.0,c02,2,low,mid,mid,mid,2042,OK,7,1,7,10,3906630,558090.0,786723,4285.48,85.7143,100.0,2026-06-11T17:44:04.227030,c02,2,low,mid,mid,mid,fixed,fixed,0.9823,0.6315,1.0001,1.1767,0.0736,0.0462,0.0271,0.0448,0.05,5.0,task,2042,7,126654.2,0.523516,352.0,1266.65,161.0,0.0,320.0,1151.5,91.899423,0.332125,1162.425589,159.0,1151.5,0,0,0,0,{}
Otto_instance_n=50_15_c03,Otto_instance_n=50_15,Otto,50,1000.0,c03,3,low,high,high,high,3042,OK,4,1,8,13,2693124,673281.0,1059362,2745.58,75.0,100.0,2026-06-11T18:29:49.816991,c03,3,low,high,high,high,fixed,fixed,0.9707,0.87,1.0744,1.3582,0.0642,0.0409,0.0157,0.0571,0.05,5.0,task,3042,4,57926.3,0.739527,352.0,979.11,272.0,0.0,320.0,890.1,57.346249,0.19333,891.393297,48.0,890.1,0,0,0,0,{}
Otto_instance_n=50_15_c04,Otto_instance_n=50_15,Otto,50,1000.0,c04,4,mid,low,mid,high,4042,OK,8,1,3,8,6094873,761859.12,1313949,6112.26,86.8001,100.0,2026-06-11T20:11:42.077369,c04,4,mid,low,mid,high,fixed,fixed,1.4065,0.3796,0.9974,1.3538,0.1049,0.0385,0.0286,0.0535,0.05,5.0,task,4042,8,402492.66,0.793691,352.0,2078.34,108.0,0.0,320.0,1889.4,282.039879,0.909179,1901.256521,212.0,1889.4,0,0,0,0,{}
Otto_instance_n=50_15_c05,Otto_instance_n=50_15,Otto,50,1000.0,c05,5,mid,mid,high,low,5042,OK,4,1,7,13,1810279,452569.75,852627,2757.91,75.0,100.0,2026-06-11T20:57:39.989573,c05,5,mid,mid,high,low,fixed,fixed,1.405,0.6182,1.0742,1.0517,0.1023,0.0444,0.0139,0.0279,0.05,5.0,task,5042,4,130596.77,0.829897,352.0,1639.22,256.0,0.0,320.0,1490.2,383.961763,0.657003,1491.573679,64.0,1490.2,0,0,0,0,{}
Otto_instance_n=50_15_c06,Otto_instance_n=50_15,Otto,50,1000.0,c06,6,mid,high,low,mid,6042,OK,7,1,8,10,4896550,699507.14,1367595,4597.79,85.7143,100.0,2026-06-11T22:14:17.786396,c06,6,mid,high,low,mid,fixed,fixed,1.3945,0.8723,0.9111,1.1669,0.1179,0.048,0.0283,0.0484,0.05,5.0,task,6042,7,179241.315,0.583698,352.0,1817.035,183.0,0.0,320.0,1651.85,156.393206,0.410061,1657.52147,137.0,1651.85,0,0,0,0,{}
Otto_instance_n=50_15_c07,Otto_instance_n=50_15,Otto,50,1000.0,c07,7,high,low,high,mid,7042,OK,4,1,7,12,2337994,584498.5,1123996,2438.82,75.0,100.0,2026-06-11T22:54:56.612962,c07,7,high,low,high,mid,fixed,fixed,2.1513,0.3894,1.0762,1.1756,0.1886,0.0411,0.0144,0.0427,0.05,5.0,task,7042,4,117015.115,0.846286,352.0,1553.585,263.0,0.0,320.0,1412.35,452.294257,0.846235,1413.499743,57.0,1412.35,0,0,0,0,{}
Otto_instance_n=50_15_c08,Otto_instance_n=50_15,Otto,50,1000.0,c08,8,high,mid,low,high,8042,OK,1,1,8,8,1307,1307.0,1307,605.3,0.0,0.0,2026-06-11T23:05:01.917609,c08,8,high,mid,low,high,fixed,fixed,2.1685,0.6297,0.8977,1.3542,0.2043,0.0455,0.0305,0.0616,0.05,5.0,task,8042,1,102.4,1.0,352.0,3.2,320.0,0.0,320.0,0.0,0.0,1.0,0.0,0.0,0.0,2,2,87.0,1.087,"{""SIC"": 2}"
Otto_instance_n=50_15_c09,Otto_instance_n=50_15,Otto,50,1000.0,c09,9,high,high,mid,low,9042,OK,2,1,8,9,570789,285394.5,569482,1219.03,50.0,100.0,2026-06-11T23:25:20.947104,c09,9,high,high,mid,low,fixed,fixed,2.1697,0.8711,0.9998,1.0529,0.197,0.0444,0.0267,0.0268,0.05,5.0,task,9042,2,11919.38,0.62963,352.0,350.57,298.0,0.0,320.0,318.7,0.0,0.0,319.458432,22.0,318.7,0,0,0,0,{}
Otto_instance_n=50_58_c01,Otto_instance_n=50_58,Otto,50,1000.0,c01,1,low,low,low,low,1042,OK,2,1,11,13,1340512,670256.0,1337905,1211.97,50.0,100.0,2026-06-11T23:45:32.918994,c01,1,low,low,low,low,fixed,fixed,0.9858,0.3709,0.8997,1.0438,0.0675,0.0441,0.0245,0.0277,0.05,5.0,task,1042,2,13540.765,0.792663,484.0,299.695,427.0,0.0,440.0,272.45,0.0,0.0,272.759972,13.0,272.45,0,0,0,0,{}
Otto_instance_n=50_58_c02,Otto_instance_n=50_58,Otto,50,1000.0,c02,2,low,mid,mid,mid,2042,OK,4,1,11,17,2566603,641650.75,1661474,2132.35,75.0,100.0,2026-06-12T00:21:05.275641,c02,2,low,mid,mid,mid,fixed,fixed,0.9823,0.6315,1.0001,1.1767,0.0736,0.0462,0.0271,0.0448,0.05,5.0,task,2042,4,133681.605,0.854068,484.0,1435.995,375.0,0.0,440.0,1305.45,324.319145,0.672864,1307.067214,65.0,1305.45,0,0,0,0,{}
Otto_instance_n=50_58_c03,Otto_instance_n=50_58,Otto,50,1000.0,c03,3,low,high,high,high,3042,OK,3,1,11,14,2753795,917931.67,1619411,2132.96,66.6667,100.0,2026-06-12T00:56:38.241067,c03,3,low,high,high,high,fixed,fixed,0.9707,0.87,1.0744,1.3582,0.0642,0.0409,0.0157,0.0571,0.05,5.0,task,3042,3,26937.8,0.490819,484.0,543.4,383.0,0.0,440.0,494.0,195.606271,0.709176,497.277588,57.0,494.0,0,0,0,0,{}
Otto_instance_n=50_58_c04,Otto_instance_n=50_58,Otto,50,1000.0,c04,4,mid,low,mid,high,4042,OK,1,1,11,11,2607,2607.0,2607,606.57,0.0,0.0,2026-06-12T01:06:44.818168,c04,4,mid,low,mid,high,fixed,fixed,1.4065,0.3796,0.9974,1.3538,0.1049,0.0385,0.0286,0.0535,0.05,5.0,task,4042,1,193.6,1.0,484.0,4.4,440.0,0.0,440.0,0.0,0.0,1.0,0.0,0.0,0.0,2,2,94.0,1.094,"{""SIC"": 2}"
Otto_instance_n=50_58_c05,Otto_instance_n=50_58,Otto,50,1000.0,c05,5,mid,mid,high,low,5042,OK,5,1,11,12,3919862,783972.4,1673465,3658.64,80.0,100.0,2026-06-12T02:07:43.464903,c05,5,mid,mid,high,low,fixed,fixed,1.405,0.6182,1.0742,1.0517,0.1023,0.0444,0.0139,0.0279,0.05,5.0,task,5042,5,128476.16,0.595002,484.0,1402.115,330.0,0.0,440.0,1274.65,96.698426,0.221817,1279.387597,110.0,1274.65,0,0,0,0,{}
Otto_instance_n=50_58_c06,Otto_instance_n=50_58,Otto,50,1000.0,c06,6,mid,high,low,mid,6042,OK,4,1,11,14,2744083,686020.75,1730988,3352.13,75.0,100.0,2026-06-12T03:03:35.603095,c06,6,mid,high,low,mid,fixed,fixed,1.3945,0.8723,0.9111,1.1669,0.1179,0.048,0.0283,0.0484,0.05,5.0,task,6042,4,103213.7,0.718381,484.0,1306.14,374.0,0.0,440.0,1187.4,138.105645,0.308303,1189.232845,66.0,1187.4,0,0,0,0,{}
Otto_instance_n=50_58_c07,Otto_instance_n=50_58,Otto,50,1000.0,c07,7,high,low,high,mid,7042,OK,1,1,11,11,2607,2607.0,2607,609.63,0.0,0.0,2026-06-12T03:13:45.238165,c07,7,high,low,high,mid,fixed,fixed,2.1513,0.3894,1.0762,1.1756,0.1886,0.0411,0.0144,0.0427,0.05,5.0,task,7042,1,193.6,1.0,484.0,4.4,440.0,0.0,440.0,0.0,0.0,1.0,0.0,0.0,0.0,16,8,551.0,1.551,"{""CI"": 3, ""SEC"": 5, ""SIC"": 8}"
Otto_instance_n=50_58_c08,Otto_instance_n=50_58,Otto,50,1000.0,c08,8,high,mid,low,high,8042,OK,5,1,11,14,5424889,1084977.8,2135734,3046.89,80.0,100.0,2026-06-12T04:04:32.132975,c08,8,high,mid,low,high,fixed,fixed,2.1685,0.6297,0.8977,1.3542,0.2043,0.0455,0.0305,0.0616,0.05,5.0,task,8042,5,119900.125,0.745304,484.0,1532.135,379.0,0.0,440.0,1392.85,265.290355,0.51709,1394.185111,61.0,1392.85,17,11,624.0,1.624,"{""CI"": 5, ""SEC"": 1, ""SIC"": 11}"
Otto_instance_n=50_58_c09,Otto_instance_n=50_58,Otto,50,1000.0,c09,9,high,high,mid,low,9042,OK,3,1,11,13,2404764,801588.0,2010220,1825.05,66.6667,100.0,2026-06-12T04:34:57.187206,c09,9,high,high,mid,low,fixed,fixed,2.1697,0.8711,0.9998,1.0529,0.197,0.0444,0.0267,0.0268,0.05,5.0,task,9042,3,52195.66,0.654224,484.0,906.62,396.0,0.0,440.0,824.2,20.380465,0.042707,825.373637,44.0,824.2,15,6,272.0,1.272,"{""CI"": 4, ""SEC"": 5, ""SIC"": 6}"
Otto_instance_n=50_69_c01,Otto_instance_n=50_69,Otto,50,1000.0,c01,1,low,low,low,low,1042,OK,2,1,12,12,1201638,600819.0,1200049,912.68,50.0,100.0,2026-06-12T04:50:09.867944,c01,1,low,low,low,low,fixed,fixed,0.9858,0.3709,0.8997,1.0438,0.0675,0.0441,0.0245,0.0277,0.05,5.0,task,1042,2,10406.89,0.68059,528.0,206.635,454.0,0.0,480.0,187.85,0.0,0.0,189.640772,26.0,187.85,0,0,0,0,{}
Otto_instance_n=50_69_c02,Otto_instance_n=50_69,Otto,50,1000.0,c02,2,low,mid,mid,mid,2042,OK,1,1,12,12,1589,1589.0,1589,605.53,0.0,0.0,2026-06-12T05:00:15.403179,c02,2,low,mid,mid,mid,fixed,fixed,0.9823,0.6315,1.0001,1.1767,0.0736,0.0462,0.0271,0.0448,0.05,5.0,task,2042,1,230.4,1.0,528.0,4.8,480.0,0.0,480.0,0.0,0.0,1.0,0.0,0.0,0.0,0,0,0,0,{}
Otto_instance_n=50_69_c03,Otto_instance_n=50_69,Otto,50,1000.0,c03,3,low,high,high,high,3042,OK,4,1,12,16,4229500,1057375.0,2229186,2132.38,75.0,100.0,2026-06-12T05:35:47.787168,c03,3,low,high,high,high,fixed,fixed,0.9707,0.87,1.0744,1.3582,0.0642,0.0409,0.0157,0.0571,0.05,5.0,task,3042,4,72910.225,0.695026,528.0,999.075,423.0,0.0,480.0,908.25,142.961961,0.402905,910.036847,57.0,908.25,0,0,0,0,{}
Otto_instance_n=50_69_c04,Otto_instance_n=50_69,Otto,50,1000.0,c04,4,mid,low,mid,high,4042,OK,4,1,12,19,3030377,757594.25,1281633,3053.39,75.0,100.0,2026-06-12T06:26:41.176993,c04,4,mid,low,mid,high,fixed,fixed,1.4065,0.3796,0.9974,1.3538,0.1049,0.0385,0.0286,0.0535,0.05,5.0,task,4042,4,138858.315,0.726161,528.0,1754.335,419.0,0.0,480.0,1594.85,164.437432,0.194824,1596.016141,61.0,1594.85,5,5,185.0,1.185,"{""SIC"": 5}"
Otto_instance_n=50_69_c05,Otto_instance_n=50_69,Otto,50,1000.0,c05,5,mid,mid,high,low,5042,OK,2,1,11,12,337063,168531.5,335474,912.12,50.0,100.0,2026-06-12T06:41:53.299337,c05,5,mid,mid,high,low,fixed,fixed,1.405,0.6182,1.0742,1.0517,0.1023,0.0444,0.0139,0.0279,0.05,5.0,task,5042,2,16081.56,0.65035,528.0,317.02,450.0,0.0,480.0,288.2,0.0,0.0,289.757209,30.0,288.2,0,0,0,0,{}
Otto_instance_n=50_69_c06,Otto_instance_n=50_69,Otto,50,1000.0,c06,6,mid,high,low,mid,6042,OK,5,1,12,15,4576778,915355.6,1756624,4571.9,80.0,100.0,2026-06-12T07:58:05.203045,c06,6,mid,high,low,mid,fixed,fixed,1.3945,0.8723,0.9111,1.1669,0.1179,0.048,0.0283,0.0484,0.05,5.0,task,6042,5,143605.0,0.628732,528.0,1575.2,383.0,0.0,480.0,1432.0,65.340942,0.145526,1435.281505,97.0,1432.0,1,1,34.0,1.034,"{""SIC"": 1}"
Otto_instance_n=50_69_c07,Otto_instance_n=50_69,Otto,50,1000.0,c07,7,high,low,high,mid,7042,OK,4,1,11,12,4228845,1057211.25,2250439,3045.29,75.0,100.0,2026-06-12T08:48:50.499216,c07,7,high,low,high,mid,fixed,fixed,2.1513,0.3894,1.0762,1.1756,0.1886,0.0411,0.0144,0.0427,0.05,5.0,task,7042,4,32639.68,0.66323,528.0,431.695,414.0,0.0,480.0,392.45,83.138439,0.60383,397.961057,66.0,392.45,26,10,635.0,1.635,"{""CI"": 7, ""SEC"": 9, ""SIC"": 10}"
Otto_instance_n=50_69_c08,Otto_instance_n=50_69,Otto,50,1000.0,c08,8,high,mid,low,high,8042,OK,4,1,12,14,3267199,816799.75,1295902,2451.73,75.0,100.0,2026-06-12T09:29:42.237585,c08,8,high,mid,low,high,fixed,fixed,2.1685,0.6297,0.8977,1.3542,0.2043,0.0455,0.0305,0.0616,0.05,5.0,task,8042,4,54468.99,0.603704,528.0,939.84,432.0,0.0,480.0,854.4,247.485437,0.652858,855.747252,48.0,854.4,25,12,668.0,1.668,"{""CI"": 9, ""SEC"": 4, ""SIC"": 12}"
Otto_instance_n=50_69_c09,Otto_instance_n=50_69,Otto,50,1000.0,c09,9,high,high,mid,low,9042,OK,5,1,12,19,3215713,643142.6,1239934,2745.58,80.0,100.0,2026-06-12T10:15:27.824468,c09,9,high,high,mid,low,fixed,fixed,2.1697,0.8711,0.9998,1.0529,0.197,0.0444,0.0267,0.0268,0.05,5.0,task,9042,5,211233.15,0.751437,528.0,2578.95,419.0,0.0,480.0,2344.5,88.850158,0.174723,2345.293425,61.0,2344.5,27,11,403.0,1.403,"{""CI"": 8, ""SEC"": 8, ""SIC"": 11}"
Scholl_BOWMAN8_c01,Scholl_BOWMAN8,Scholl,8,20.0,c01,1,low,low,low,low,1042,OK,6,6,2,5,16089,2681.5,8042,1.18,0.0,0.0,2026-06-10T10:39:23.933196,c01,1,low,low,low,low,fixed,fixed,1.0032,0.3638,0.8989,1.0492,0.0733,0.0368,0.0303,0.0211,0.05,5.0,task,1042,6,3515.85,0.727656,220.0,27.61,45.0,0.0,200.0,25.1,4.658183,0.186477,157.019139,155.0,25.1,1,1,1.0,1.05,"{""SIC"": 1}"
Scholl_BOWMAN8_c02,Scholl_BOWMAN8,Scholl,8,20.0,c02,2,low,mid,mid,mid,2042,OK,9,9,3,5,27410,3045.56,11644,1.94,0.0,0.0,2026-06-10T10:39:25.874147,c02,2,low,mid,mid,mid,fixed,fixed,0.9678,0.6283,0.9951,1.1951,0.0785,0.0443,0.0253,0.0236,0.05,5.0,task,2042,9,2873.325,0.595863,220.0,27.555,45.0,0.0,200.0,25.05,15.146452,0.590145,157.011154,155.0,25.05,1,1,1.0,1.05,"{""SIC"": 1}"
Scholl_BOWMAN8_c03,Scholl_BOWMAN8,Scholl,8,20.0,c03,3,low,high,high,high,3042,OK,6,6,5,5,3778,629.67,1081,0.94,0.0,0.0,2026-06-10T10:39:26.820161,c03,3,low,high,high,high,fixed,fixed,0.9851,0.8797,1.07,1.3299,0.0513,0.041,0.0152,0.0576,0.05,5.0,task,3042,6,2806.55,0.578551,220.0,27.72,45.0,0.0,200.0,25.2,1.54232,0.006243,157.035155,155.0,25.2,2,1,4.0,1.2,"{""SIC"": 1, ""SIH"": 1}"
Scholl_BOWMAN8_c04,Scholl_BOWMAN8,Scholl,8,20.0,c04,4,mid,low,mid,high,4042,OK,6,6,2,5,19198,3199.67,12332,1.03,0.0,0.0,2026-06-10T10:39:27.855042,c04,4,mid,low,mid,high,fixed,fixed,1.378,0.4058,1.0177,1.3432,0.1084,0.0275,0.0208,0.0607,0.05,5.0,task,4042,6,1988.32,0.673283,220.0,18.81,63.0,0.0,200.0,17.1,16.830015,0.342381,138.063065,137.0,17.1,6,3,10.0,1.5,"{""CI"": 1, ""SEC"": 1, ""SIC"": 3, ""SIH"": 1}"
Scholl_BOWMAN8_c05,Scholl_BOWMAN8,Scholl,8,20.0,c05,5,mid,mid,high,low,5042,OK,5,5,3,5,26253,5250.6,12130,1.0,0.0,0.0,2026-06-10T10:39:28.853545,c05,5,mid,mid,high,low,fixed,fixed,1.4382,0.6219,1.0764,1.0428,0.0995,0.0384,0.0091,0.0234,0.05,5.0,task,5042,5,2305.405,0.616681,220.0,26.895,81.0,0.0,200.0,24.45,4.709644,0.153993,121.485812,119.0,24.45,4,2,9.0,1.45,"{""CI"": 1, ""SEC"": 2, ""SIC"": 1}"
Scholl_BOWMAN8_c06,Scholl_BOWMAN8,Scholl,8,20.0,c06,6,mid,high,low,mid,6042,OK,7,7,5,6,4353,621.86,1088,1.08,0.0,0.0,2026-06-10T10:39:29.932648,c06,6,mid,high,low,mid,fixed,fixed,1.3727,0.889,0.881,1.1594,0.1166,0.0369,0.0287,0.0455,0.05,5.0,task,6042,7,2248.975,0.606999,220.0,27.445,85.0,0.0,200.0,24.95,14.946149,0.513669,117.675412,115.0,24.95,3,1,7.0,1.35,"{""CI"": 1, ""SEC"": 1, ""SIC"": 1}"
Scholl_BOWMAN8_c07,Scholl_BOWMAN8,Scholl,8,20.0,c07,7,high,low,high,mid,7042,OK,4,4,2,5,1284,321.0,761,0.46,0.0,0.0,2026-06-10T10:39:30.398886,c07,7,high,low,high,mid,fixed,fixed,2.1968,0.3698,1.0783,1.1772,0.1993,0.0417,0.0131,0.0388,0.05,5.0,task,7042,4,726.2,0.540247,220.0,10.34,90.0,0.0,200.0,9.4,1.010363,0.057147,110.400906,110.0,9.4,12,4,20.0,2.0,"{""CI"": 4, ""SEC"": 4, ""SIC"": 4}"
Scholl_BOWMAN8_c08,Scholl_BOWMAN8,Scholl,8,20.0,c08,8,high,mid,low,high,8042,OK,3,3,3,5,7941,2647.0,6403,0.49,0.0,0.0,2026-06-10T10:39:30.886675,c08,8,high,mid,low,high,fixed,fixed,2.2219,0.6006,0.9072,1.3363,0.1849,0.0415,0.0357,0.0385,0.05,5.0,task,8042,3,414.55,0.510655,220.0,9.02,130.0,0.0,200.0,8.2,1.096966,0.003134,70.478649,70.0,8.2,16,6,36.0,2.8,"{""CI"": 5, ""SEC"": 4, ""SIC"": 6, ""SIH"": 1}"
Scholl_BOWMAN8_c09,Scholl_BOWMAN8,Scholl,8,20.0,c09,9,high,high,mid,low,9042,OK,3,3,5,6,180,60.0,118,0.28,0.0,0.0,2026-06-10T10:39:31.167287,c09,9,high,high,mid,low,fixed,fixed,2.0589,0.8878,1.0126,1.0411,0.1207,0.0401,0.0328,0.028,0.05,5.0,task,9042,3,1043.885,0.719011,220.0,23.045,157.0,0.0,200.0,20.95,4.705405,0.223823,47.832024,43.0,20.95,13,5,17.0,1.85,"{""CI"": 4, ""SEC"": 4, ""SIC"": 5}"
Scholl_HESKIA_c01,Scholl_HESKIA,Scholl,28,236.0,c01,1,low,low,low,low,1042,OK,6,2,2,5,14238966,2373161.0,6399865,1211.9,26.4682,63.6754,2026-06-10T10:59:43.068496,c01,1,low,low,low,low,fixed,fixed,0.9773,0.3848,0.8882,1.0557,0.0726,0.0369,0.0282,0.0286,0.05,5.0,task,1042,6,40136.0,0.737526,220.0,310.97,45.0,0.0,200.0,282.7,36.040927,0.397569,322.403924,155.0,282.7,0,0,0,0,{}
Scholl_HESKIA_c02,Scholl_HESKIA,Scholl,28,236.0,c02,2,low,mid,mid,mid,2042,OK,6,2,4,5,13300896,2216816.0,3894848,1235.46,45.0654,82.2955,2026-06-10T11:20:18.529748,c02,2,low,mid,mid,mid,fixed,fixed,0.9727,0.6366,1.0022,1.1904,0.0691,0.0466,0.0333,0.0366,0.05,5.0,task,2042,6,35128.85,0.611349,220.0,328.35,45.0,0.0,200.0,298.5,22.333616,0.196806,336.343946,155.0,298.5,0,0,0,0,{}
Scholl_HESKIA_c03,Scholl_HESKIA,Scholl,28,236.0,c03,3,low,high,high,high,3042,OK,6,2,4,5,16906858,2817809.67,6897671,1234.67,46.4395,84.7274,2026-06-10T11:40:53.206851,c03,3,low,high,high,high,fixed,fixed,0.9703,0.8715,1.0734,1.3513,0.0694,0.0361,0.0131,0.0617,0.05,5.0,task,3042,6,31566.775,0.593819,220.0,303.765,45.0,0.0,200.0,276.15,16.518979,0.131653,316.676211,155.0,276.15,0,0,0,0,{}
Scholl_HESKIA_c04,Scholl_HESKIA,Scholl,28,236.0,c04,4,mid,low,mid,high,4042,OK,6,5,2,7,8929131,1488188.5,3079247,734.56,8.7822,52.6931,2026-06-10T11:53:07.768067,c04,4,mid,low,mid,high,fixed,fixed,1.4291,0.3745,1.0057,1.3409,0.1109,0.0349,0.0223,0.059,0.05,5.0,task,4042,6,58373.125,0.822892,220.0,451.825,63.0,0.0,200.0,410.75,67.136297,0.602352,432.994876,137.0,410.75,0,0,0,0,{}
Scholl_HESKIA_c05,Scholl_HESKIA,Scholl,28,236.0,c05,5,mid,mid,high,low,5042,OK,7,2,3,7,19992288,2856041.14,7078404,1581.99,52.8767,85.524,2026-06-10T12:19:29.756148,c05,5,mid,mid,high,low,fixed,fixed,1.4102,0.6274,1.0754,1.0376,0.0982,0.04,0.0145,0.0294,0.05,5.0,task,5042,7,46356.43,0.678861,220.0,434.94,63.0,0.0,200.0,395.4,56.665376,0.458775,418.461659,137.0,395.4,0,0,0,0,{}
Scholl_HESKIA_c06,Scholl_HESKIA,Scholl,28,236.0,c06,6,mid,high,low,mid,6042,OK,6,2,4,7,11325913,1887652.17,3869825,1540.06,44.3217,76.3628,2026-06-10T12:45:09.819802,c06,6,mid,high,low,mid,fixed,fixed,1.3706,0.884,0.892,1.1919,0.1198,0.0413,0.032,0.0421,0.05,5.0,task,6042,6,42876.425,0.644442,220.0,423.775,63.0,0.0,200.0,385.25,29.188194,0.1965,408.884534,137.0,385.25,0,0,0,0,{}
Scholl_HESKIA_c07,Scholl_HESKIA,Scholl,28,236.0,c07,7,high,low,high,mid,7042,OK,5,4,2,5,6027726,1205545.2,2869329,671.62,9.9598,49.7992,2026-06-10T12:56:21.443554,c07,7,high,low,high,mid,fixed,fixed,2.1738,0.3756,1.08,1.182,0.2034,0.035,0.0128,0.0487,0.05,5.0,task,7042,5,35011.49,0.820433,220.0,307.01,81.0,0.0,200.0,279.1,66.815507,0.673451,303.4103,119.0,279.1,4,2,48.0,1.20339,"{""CI"": 1, ""SEC"": 1, ""SIC"": 2}"
Scholl_HESKIA_c08,Scholl_HESKIA,Scholl,28,236.0,c08,8,high,mid,low,high,8042,OK,7,2,3,10,22069706,3152815.14,6374894,1866.87,44.1907,71.5401,2026-06-10T13:27:28.312123,c08,8,high,mid,low,high,fixed,fixed,2.1458,0.6371,0.9037,1.3488,0.2214,0.041,0.0295,0.0647,0.05,5.0,task,8042,7,62860.5,0.751425,220.0,643.5,90.0,0.0,200.0,585.0,77.764054,0.558714,595.252047,110.0,585.0,2,2,47.0,1.199153,"{""SIC"": 2}"
Scholl_HESKIA_c09,Scholl_HESKIA,Scholl,28,236.0,c09,9,high,high,mid,low,9042,OK,6,1,4,7,18078848,3013141.33,3887115,2134.43,49.0643,80.6833,2026-06-10T14:03:02.748869,c09,9,high,high,mid,low,fixed,fixed,2.1678,0.8816,0.9936,1.0436,0.2002,0.0423,0.0269,0.0302,0.05,5.0,task,9042,6,37397.095,0.676303,220.0,456.995,99.0,0.0,200.0,415.45,57.222405,0.524905,427.550819,101.0,415.45,3,1,19.0,1.080508,"{""CI"": 1, ""SEC"": 1, ""SIC"": 1}"
Scholl_JACKSON_c01,Scholl_JACKSON,Scholl,11,11.0,c01,1,low,low,low,low,1042,OK,9,9,2,5,268255,29806.11,100119,8.37,0.0,0.0,2026-06-10T14:03:11.118525,c01,1,low,low,low,low,fixed,fixed,0.9826,0.3848,0.8936,1.0514,0.0775,0.0344,0.0254,0.0264,0.05,5.0,task,1042,9,2217.95,0.633067,220.0,20.02,45.0,0.0,200.0,18.2,14.37601,0.59552,156.064858,155.0,18.2,0,0,0,0,{}
Scholl_JACKSON_c02,Scholl_JACKSON,Scholl,11,11.0,c02,2,low,mid,mid,mid,2042,OK,9,9,4,6,1754482,194942.44,925480,32.44,0.0,0.0,2026-06-10T14:03:43.559774,c02,2,low,mid,mid,mid,fixed,fixed,0.9512,0.6389,1.0028,1.1915,0.0753,0.0362,0.0243,0.0532,0.05,5.0,task,2042,9,2154.675,0.581461,220.0,21.175,45.0,0.0,200.0,19.25,12.759297,0.446146,156.190789,155.0,19.25,0,0,0,0,{}
Scholl_JACKSON_c03,Scholl_JACKSON,Scholl,11,11.0,c03,3,low,high,high,high,3042,OK,8,8,5,6,689765,86220.62,273419,13.32,0.0,0.0,2026-06-10T14:03:56.884594,c03,3,low,high,high,high,fixed,fixed,0.9957,0.8591,1.0709,1.367,0.0497,0.0436,0.0143,0.0343,0.05,5.0,task,3042,8,2097.85,0.5676,220.0,21.12,45.0,0.0,200.0,19.2,12.728973,0.341893,156.184634,155.0,19.2,0,0,0,0,{}
Scholl_JACKSON_c04,Scholl_JACKSON,Scholl,11,11.0,c04,4,mid,low,mid,high,4042,OK,12,12,3,8,492913,41076.08,134539,10.57,0.0,0.0,2026-06-10T14:04:07.457831,c04,4,mid,low,mid,high,fixed,fixed,1.3971,0.4086,0.9975,1.3431,0.1094,0.0244,0.0294,0.0419,0.05,5.0,task,4042,12,2738.61,0.702377,220.0,26.345,72.0,0.0,200.0,23.95,8.368945,0.667234,130.22136,128.0,23.95,3,3,3.0,1.272727,"{""SIC"": 3}"
Scholl_JACKSON_c05,Scholl_JACKSON,Scholl,11,11.0,c05,5,mid,mid,high,low,5042,OK,10,10,4,8,698699,69869.9,181593,12.68,0.0,0.0,2026-06-10T14:04:20.135903,c05,5,mid,mid,high,low,fixed,fixed,1.4411,0.6133,1.0748,1.0438,0.0985,0.0271,0.012,0.0288,0.05,5.0,task,5042,10,2646.95,0.656926,220.0,27.225,72.0,0.0,200.0,24.75,9.801338,0.499007,130.370865,128.0,24.75,0,0,0,0,{}
Scholl_JACKSON_c06,Scholl_JACKSON,Scholl,11,11.0,c06,6,mid,high,low,mid,6042,OK,7,7,5,8,706574,100939.14,308842,11.26,0.0,0.0,2026-06-10T14:04:31.402824,c06,6,mid,high,low,mid,fixed,fixed,1.3755,0.8718,0.8867,1.1804,0.1226,0.0461,0.0264,0.0384,0.05,5.0,task,6042,7,2580.32,0.636531,220.0,27.39,72.0,0.0,200.0,24.9,9.198272,0.194306,130.399425,128.0,24.9,2,2,3.0,1.272727,"{""SIC"": 2}"
Scholl_JACKSON_c07,Scholl_JACKSON,Scholl,11,11.0,c07,7,high,low,high,mid,7042,OK,5,5,2,5,66560,13312.0,38820,1.93,0.0,0.0,2026-06-10T14:04:33.337430,c07,7,high,low,high,mid,fixed,fixed,2.1978,0.3674,1.0778,1.1671,0.2127,0.035,0.0127,0.0381,0.05,5.0,task,7042,5,908.75,0.577718,220.0,12.1,90.0,0.0,200.0,11.0,18.563526,0.425543,110.548632,110.0,11.0,16,6,8.0,1.727273,"{""CI"": 5, ""SEC"": 5, ""SIC"": 6}"
Scholl_JACKSON_c08,Scholl_JACKSON,Scholl,11,11.0,c08,8,high,mid,low,high,8042,OK,5,5,4,7,106414,21282.8,44758,2.4,0.0,0.0,2026-06-10T14:04:35.741169,c08,8,high,mid,low,high,fixed,fixed,2.158,0.6173,0.8995,1.3626,0.1968,0.0533,0.0228,0.058,0.05,5.0,task,8042,5,1325.29,0.698481,220.0,20.185,126.0,0.0,200.0,18.35,15.318681,0.579,76.241213,74.0,18.35,13,7,11.0,2.0,"{""CI"": 4, ""SEC"": 2, ""SIC"": 7}"
Scholl_JACKSON_c09,Scholl_JACKSON,Scholl,11,11.0,c09,9,high,high,mid,low,9042,OK,3,3,5,6,110838,36946.0,72154,2.04,0.0,0.0,2026-06-10T14:04:37.779259,c09,9,high,high,mid,low,fixed,fixed,2.0879,0.8922,0.9985,1.0623,0.1223,0.0498,0.0292,0.0257,0.05,5.0,task,9042,3,492.915,0.610788,220.0,11.055,147.0,0.0,200.0,10.05,2.857884,0.148263,53.944439,53.0,10.05,14,6,6.0,1.545455,"{""CI"": 3, ""SEC"": 5, ""SIC"": 6}"
Scholl_LUTZ1_c01,Scholl_LUTZ1,Scholl,32,1894.0,c01,1,low,low,low,low,1042,OK,7,2,3,8,12441630,1777375.71,5566276,1849.54,63.9094,100.0,2026-06-10T14:35:27.327062,c01,1,low,low,low,low,fixed,fixed,0.9762,0.3748,0.9008,1.0476,0.0686,0.0446,0.0281,0.025,0.05,5.0,task,1042,7,841574.55,0.745911,352.0,4029.465,72.0,0.0,320.0,3663.15,359.873118,0.537007,3671.535363,248.0,3663.15,0,0,0,0,{}
Scholl_LUTZ1_c02,Scholl_LUTZ1,Scholl,32,1894.0,c02,2,low,mid,mid,mid,2042,OK,10,3,7,8,14526971,1452697.1,3941352,4647.35,68.5443,100.0,2026-06-10T15:52:54.676252,c02,2,low,mid,mid,mid,fixed,fixed,0.9799,0.6346,1.0029,1.1764,0.0678,0.0504,0.0297,0.0419,0.05,5.0,task,2042,10,666693.4,0.573926,352.0,4148.705,72.0,0.0,320.0,3771.55,175.152073,0.210562,3779.694882,248.0,3771.55,0,0,0,0,{}
Scholl_LUTZ1_c03,Scholl_LUTZ1,Scholl,32,1894.0,c03,3,low,high,high,high,3042,OK,10,2,7,9,12345469,1234546.9,2236174,4259.22,74.5365,100.0,2026-06-10T17:03:53.904348,c03,3,low,high,high,high,fixed,fixed,0.967,0.8723,1.0737,1.3465,0.0696,0.0343,0.0144,0.0607,0.05,5.0,task,3042,10,645091.3,0.56436,352.0,4082.32,72.0,0.0,320.0,3711.2,167.049119,0.292547,3719.477039,248.0,3711.2,2,1,41.0,1.021647,"{""SIC"": 1, ""SIH"": 1}"
Scholl_LUTZ1_c04,Scholl_LUTZ1,Scholl,32,1894.0,c04,4,mid,low,mid,high,4042,OK,8,3,3,8,9917757,1239719.62,2760463,1886.1,51.1407,100.0,2026-06-10T17:35:20.009255,c04,4,mid,low,mid,high,fixed,fixed,1.4294,0.3723,1.0041,1.3397,0.1093,0.0337,0.0241,0.0603,0.05,5.0,task,4042,8,755738.72,0.824684,352.0,3755.73,108.0,0.0,320.0,3414.3,554.057164,0.931237,3420.875398,212.0,3414.3,4,1,920.0,1.485744,"{""CI"": 1, ""SEC"": 1, ""SIC"": 1, ""SIH"": 1}"
Scholl_LUTZ1_c05,Scholl_LUTZ1,Scholl,32,1894.0,c05,5,mid,mid,high,low,5042,OK,8,1,6,10,12075214,1509401.75,2282336,5732.91,86.0529,100.0,2026-06-10T19:10:52.924405,c05,5,mid,mid,high,low,fixed,fixed,1.4031,0.6289,1.0723,1.0483,0.0959,0.0408,0.0155,0.0289,0.05,5.0,task,5042,8,506214.65,0.638729,352.0,4064.28,157.0,0.0,320.0,3694.8,309.346336,0.391289,3698.393711,163.0,3694.8,3,1,284.0,1.149947,"{""CI"": 1, ""SEC"": 1, ""SIC"": 1}"
Scholl_LUTZ1_c06,Scholl_LUTZ1,Scholl,32,1894.0,c06,6,mid,high,low,mid,6042,OK,6,1,8,10,8786502,1464417.0,2179955,3318.22,82.656,100.0,2026-06-10T20:06:11.149353,c06,6,mid,high,low,mid,fixed,fixed,1.3731,0.8768,0.9011,1.1895,0.1203,0.0417,0.0339,0.0402,0.05,5.0,task,6042,6,302273.095,0.528857,352.0,3382.005,183.0,0.0,320.0,3074.55,223.920038,0.273479,3077.600803,137.0,3074.55,3,1,618.0,1.326294,"{""CI"": 1, ""SEC"": 1, ""SIC"": 1}"
Scholl_LUTZ1_c07,Scholl_LUTZ1,Scholl,32,1894.0,c07,7,high,low,high,mid,7042,OK,6,2,3,8,11031985,1838664.17,3040546,2036.3,62.736,100.0,2026-06-10T20:40:07.450540,c07,7,high,low,high,mid,fixed,fixed,2.1696,0.3726,1.0816,1.1763,0.192,0.0365,0.0135,0.0433,0.05,5.0,task,7042,6,99662.99,0.509052,352.0,902.22,135.0,0.0,320.0,820.2,71.406179,0.407672,840.804995,185.0,820.2,3,1,1649.0,1.870644,"{""CI"": 1, ""SEC"": 1, ""SIC"": 1}"
Scholl_LUTZ1_c08,Scholl_LUTZ1,Scholl,32,1894.0,c08,8,high,mid,low,high,8042,OK,4,1,6,8,5645780,1411445.0,2990969,3014.8,67.1364,99.1542,2026-06-10T21:30:22.257987,c08,8,high,mid,low,high,fixed,fixed,2.1401,0.6413,0.9029,1.3512,0.2092,0.0427,0.0294,0.0621,0.05,5.0,task,8042,4,146802.65,0.644983,352.0,2069.155,242.0,0.0,320.0,1881.05,144.194071,0.176862,1882.666487,78.0,1881.05,5,3,2092.0,2.104541,"{""CI"": 1, ""SEC"": 1, ""SIC"": 3}"
Scholl_LUTZ1_c09,Scholl_LUTZ1,Scholl,32,1894.0,c09,9,high,high,mid,low,9042,OK,4,1,8,10,5093466,1273366.5,1931608,1810.32,75.0,100.0,2026-06-10T22:00:32.586229,c09,9,high,high,mid,low,fixed,fixed,2.1487,0.8837,0.9959,1.0469,0.2028,0.0388,0.0298,0.0273,0.05,5.0,task,9042,4,91911.84,0.650585,352.0,1858.89,276.0,0.0,320.0,1689.9,276.522469,0.366786,1690.472718,44.0,1689.9,6,2,1230.0,1.649419,"{""CI"": 2, ""SEC"": 2, ""SIC"": 2}"
Scholl_ROSZIEG_c01,Scholl_ROSZIEG,Scholl,25,19.0,c01,1,low,low,low,low,1042,OK,13,5,4,8,30284078,2329544.46,5289100,3646.81,48.0245,91.8028,2026-06-10T23:01:19.401455,c01,1,low,low,low,low,fixed,fixed,0.979,0.3856,0.8874,1.0571,0.072,0.0372,0.0256,0.0296,0.05,5.0,task,1042,13,8152.94,0.655653,308.0,52.69,72.0,0.0,280.0,47.9,13.788182,0.587454,213.444161,208.0,47.9,0,0,0,0,{}
Scholl_ROSZIEG_c02,Scholl_ROSZIEG,Scholl,25,19.0,c02,2,low,mid,mid,mid,2042,OK,12,5,7,8,27051157,2254263.08,3950307,3771.13,48.9558,92.1488,2026-06-11T00:04:10.536937,c02,2,low,mid,mid,mid,fixed,fixed,0.9736,0.6346,1.0028,1.1837,0.0728,0.044,0.0346,0.0396,0.05,5.0,task,2042,12,7901.21,0.610554,308.0,54.835,72.0,0.0,280.0,49.85,10.220214,0.392937,213.890211,208.0,49.85,0,0,0,0,{}
Scholl_ROSZIEG_c03,Scholl_ROSZIEG,Scholl,25,19.0,c03,3,low,high,high,high,3042,OK,10,4,7,8,22636478,2263647.8,4111692,3041.89,45.792,87.9349,2026-06-11T00:54:52.434358,c03,3,low,high,high,high,fixed,fixed,0.974,0.8704,1.0739,1.341,0.0668,0.0369,0.0117,0.0611,0.05,5.0,task,3042,10,7809.97,0.614599,308.0,53.845,72.0,0.0,280.0,48.95,12.542002,0.287121,213.682247,208.0,48.95,0,0,0,0,{}
Scholl_ROSZIEG_c04,Scholl_ROSZIEG,Scholl,25,19.0,c04,4,mid,low,mid,high,4042,OK,10,4,4,9,20753362,2075336.2,3731314,1900.69,43.0953,89.644,2026-06-11T01:26:33.123989,c04,4,mid,low,mid,high,fixed,fixed,1.439,0.3652,1.0104,1.3414,0.1017,0.0367,0.0215,0.0546,0.05,5.0,task,4042,10,7453.175,0.720293,308.0,54.175,117.0,0.0,280.0,49.25,12.959985,0.527193,170.277898,163.0,49.25,4,2,11.0,1.578947,"{""CI"": 1, ""SEC"": 1, ""SIC"": 2}"
Scholl_ROSZIEG_c05,Scholl_ROSZIEG,Scholl,25,19.0,c05,5,mid,mid,high,low,5042,OK,17,3,6,12,46599209,2741129.94,4534973,5200.37,61.5733,93.7695,2026-06-11T02:53:13.501446,c05,5,mid,mid,high,low,fixed,fixed,1.408,0.6258,1.0748,1.0415,0.0966,0.0404,0.0138,0.031,0.05,5.0,task,5042,17,8301.4,0.609098,308.0,68.145,108.0,0.0,280.0,61.95,8.216418,0.681826,182.816308,172.0,61.95,2,1,2.0,1.105263,"{""SEC"": 1, ""SIC"": 1}"
Scholl_ROSZIEG_c06,Scholl_ROSZIEG,Scholl,25,19.0,c06,6,mid,high,low,mid,6042,OK,10,3,6,11,28956825,2895682.5,4335428,3336.24,50.6442,94.0777,2026-06-11T03:48:49.747732,c06,6,mid,high,low,mid,fixed,fixed,1.3745,0.8804,0.8972,1.1738,0.1183,0.0428,0.0315,0.0487,0.05,5.0,task,6042,10,8667.71,0.6042,308.0,68.64,99.0,0.0,280.0,62.4,12.621129,0.3046,191.454329,181.0,62.4,0,0,0,0,{}
Scholl_ROSZIEG_c07,Scholl_ROSZIEG,Scholl,25,19.0,c07,7,high,low,high,mid,7042,OK,7,3,4,7,18764075,2680582.14,5031911,1993.25,27.1362,74.8792,2026-06-11T04:22:03.001070,c07,7,high,low,high,mid,fixed,fixed,2.1801,0.3691,1.0784,1.1935,0.1948,0.0381,0.0124,0.0444,0.05,5.0,task,7042,7,5481.375,0.698275,308.0,45.375,135.0,0.0,280.0,41.25,15.038526,0.395124,150.753317,145.0,41.25,12,6,11.0,1.578947,"{""CI"": 2, ""SEC"": 4, ""SIC"": 6}"
Scholl_ROSZIEG_c08,Scholl_ROSZIEG,Scholl,25,19.0,c08,8,high,mid,low,high,8042,OK,6,1,6,10,19284587,3214097.83,4830413,2406.49,64.1216,91.537,2026-06-11T05:02:09.490620,c08,8,high,mid,low,high,fixed,fixed,2.1387,0.6354,0.9085,1.3456,0.2331,0.0355,0.0292,0.0611,0.05,5.0,task,8042,6,3946.4,0.648348,308.0,51.15,189.0,0.0,280.0,46.5,14.52544,0.32794,102.192221,91.0,46.5,10,6,16.0,1.842105,"{""CI"": 3, ""SEC"": 1, ""SIC"": 6}"
Scholl_ROSZIEG_c09,Scholl_ROSZIEG,Scholl,25,19.0,c09,9,high,high,mid,low,9042,OK,6,1,7,13,17189067,2864844.5,5940616,3008.31,71.118,95.4112,2026-06-11T05:52:17.803690,c09,9,high,high,mid,low,fixed,fixed,2.1623,0.8808,1.0008,1.0441,0.1996,0.0416,0.026,0.0325,0.05,5.0,task,9042,6,3572.63,0.66482,308.0,54.835,210.0,0.0,280.0,49.85,10.350604,0.253774,85.936154,70.0,49.85,5,2,6.0,1.315789,"{""CI"": 1, ""SEC"": 2, ""SIC"": 2}"
