instance_name,base_instance,config_name,config_id,subscenario,alpha_level,beta_level,gamma_level,sigma_level,R_e_level,C_c_level,R_e,C_c,factor_granularity,seed
Scholl_BOWMAN8_c01,Scholl_BOWMAN8,c01,1,cobot_favorable,low,low,low,low,fixed,fixed,0.05,5.0,task,1042
Scholl_HESKIA_c01,Scholl_HESKIA,c01,1,cobot_favorable,low,low,low,low,fixed,fixed,0.05,5.0,task,1042
Scholl_JACKSON_c01,Scholl_JACKSON,c01,1,cobot_favorable,low,low,low,low,fixed,fixed,0.05,5.0,task,1042
Scholl_LUTZ1_c01,Scholl_LUTZ1,c01,1,cobot_favorable,low,low,low,low,fixed,fixed,0.05,5.0,task,1042
Scholl_ROSZIEG_c01,Scholl_ROSZIEG,c01,1,cobot_favorable,low,low,low,low,fixed,fixed,0.05,5.0,task,1042
Otto_instance_n=100_156_c01,Otto_instance_n=100_156,c01,1,cobot_favorable,low,low,low,low,fixed,fixed,0.05,5.0,task,1042
Otto_instance_n=100_33_c01,Otto_instance_n=100_33,c01,1,cobot_favorable,low,low,low,low,fixed,fixed,0.05,5.0,task,1042
Otto_instance_n=20_146_c01,Otto_instance_n=20_146,c01,1,cobot_favorable,low,low,low,low,fixed,fixed,0.05,5.0,task,1042
Otto_instance_n=20_240_c01,Otto_instance_n=20_240,c01,1,cobot_favorable,low,low,low,low,fixed,fixed,0.05,5.0,task,1042
Otto_instance_n=20_288_c01,Otto_instance_n=20_288,c01,1,cobot_favorable,low,low,low,low,fixed,fixed,0.05,5.0,task,1042
Otto_instance_n=20_455_c01,Otto_instance_n=20_455,c01,1,cobot_favorable,low,low,low,low,fixed,fixed,0.05,5.0,task,1042
Otto_instance_n=50_15_c01,Otto_instance_n=50_15,c01,1,cobot_favorable,low,low,low,low,fixed,fixed,0.05,5.0,task,1042
Otto_instance_n=50_58_c01,Otto_instance_n=50_58,c01,1,cobot_favorable,low,low,low,low,fixed,fixed,0.05,5.0,task,1042
Otto_instance_n=50_69_c01,Otto_instance_n=50_69,c01,1,cobot_favorable,low,low,low,low,fixed,fixed,0.05,5.0,task,1042
Scholl_BOWMAN8_c02,Scholl_BOWMAN8,c02,2,normal_equilibre,low,mid,mid,mid,fixed,fixed,0.05,5.0,task,2042
Scholl_HESKIA_c02,Scholl_HESKIA,c02,2,normal_equilibre,low,mid,mid,mid,fixed,fixed,0.05,5.0,task,2042
Scholl_JACKSON_c02,Scholl_JACKSON,c02,2,normal_equilibre,low,mid,mid,mid,fixed,fixed,0.05,5.0,task,2042
Scholl_LUTZ1_c02,Scholl_LUTZ1,c02,2,normal_equilibre,low,mid,mid,mid,fixed,fixed,0.05,5.0,task,2042
Scholl_ROSZIEG_c02,Scholl_ROSZIEG,c02,2,normal_equilibre,low,mid,mid,mid,fixed,fixed,0.05,5.0,task,2042
Otto_instance_n=100_156_c02,Otto_instance_n=100_156,c02,2,normal_equilibre,low,mid,mid,mid,fixed,fixed,0.05,5.0,task,2042
Otto_instance_n=100_33_c02,Otto_instance_n=100_33,c02,2,normal_equilibre,low,mid,mid,mid,fixed,fixed,0.05,5.0,task,2042
Otto_instance_n=20_146_c02,Otto_instance_n=20_146,c02,2,normal_equilibre,low,mid,mid,mid,fixed,fixed,0.05,5.0,task,2042
Otto_instance_n=20_240_c02,Otto_instance_n=20_240,c02,2,normal_equilibre,low,mid,mid,mid,fixed,fixed,0.05,5.0,task,2042
Otto_instance_n=20_288_c02,Otto_instance_n=20_288,c02,2,normal_equilibre,low,mid,mid,mid,fixed,fixed,0.05,5.0,task,2042
Otto_instance_n=20_455_c02,Otto_instance_n=20_455,c02,2,normal_equilibre,low,mid,mid,mid,fixed,fixed,0.05,5.0,task,2042
Otto_instance_n=50_15_c02,Otto_instance_n=50_15,c02,2,normal_equilibre,low,mid,mid,mid,fixed,fixed,0.05,5.0,task,2042
Otto_instance_n=50_58_c02,Otto_instance_n=50_58,c02,2,normal_equilibre,low,mid,mid,mid,fixed,fixed,0.05,5.0,task,2042
Otto_instance_n=50_69_c02,Otto_instance_n=50_69,c02,2,normal_equilibre,low,mid,mid,mid,fixed,fixed,0.05,5.0,task,2042
Scholl_BOWMAN8_c03,Scholl_BOWMAN8,c03,3,normal_equilibre,low,high,high,high,fixed,fixed,0.05,5.0,task,3042
Scholl_HESKIA_c03,Scholl_HESKIA,c03,3,normal_equilibre,low,high,high,high,fixed,fixed,0.05,5.0,task,3042
Scholl_JACKSON_c03,Scholl_JACKSON,c03,3,normal_equilibre,low,high,high,high,fixed,fixed,0.05,5.0,task,3042
Scholl_LUTZ1_c03,Scholl_LUTZ1,c03,3,normal_equilibre,low,high,high,high,fixed,fixed,0.05,5.0,task,3042
Scholl_ROSZIEG_c03,Scholl_ROSZIEG,c03,3,normal_equilibre,low,high,high,high,fixed,fixed,0.05,5.0,task,3042
Otto_instance_n=100_156_c03,Otto_instance_n=100_156,c03,3,normal_equilibre,low,high,high,high,fixed,fixed,0.05,5.0,task,3042
Otto_instance_n=100_33_c03,Otto_instance_n=100_33,c03,3,normal_equilibre,low,high,high,high,fixed,fixed,0.05,5.0,task,3042
Otto_instance_n=20_146_c03,Otto_instance_n=20_146,c03,3,normal_equilibre,low,high,high,high,fixed,fixed,0.05,5.0,task,3042
Otto_instance_n=20_240_c03,Otto_instance_n=20_240,c03,3,normal_equilibre,low,high,high,high,fixed,fixed,0.05,5.0,task,3042
Otto_instance_n=20_288_c03,Otto_instance_n=20_288,c03,3,normal_equilibre,low,high,high,high,fixed,fixed,0.05,5.0,task,3042
Otto_instance_n=20_455_c03,Otto_instance_n=20_455,c03,3,normal_equilibre,low,high,high,high,fixed,fixed,0.05,5.0,task,3042
Otto_instance_n=50_15_c03,Otto_instance_n=50_15,c03,3,normal_equilibre,low,high,high,high,fixed,fixed,0.05,5.0,task,3042
Otto_instance_n=50_58_c03,Otto_instance_n=50_58,c03,3,normal_equilibre,low,high,high,high,fixed,fixed,0.05,5.0,task,3042
Otto_instance_n=50_69_c03,Otto_instance_n=50_69,c03,3,normal_equilibre,low,high,high,high,fixed,fixed,0.05,5.0,task,3042
Scholl_BOWMAN8_c04,Scholl_BOWMAN8,c04,4,normal_equilibre,mid,low,mid,high,fixed,fixed,0.05,5.0,task,4042
Scholl_HESKIA_c04,Scholl_HESKIA,c04,4,normal_equilibre,mid,low,mid,high,fixed,fixed,0.05,5.0,task,4042
Scholl_JACKSON_c04,Scholl_JACKSON,c04,4,normal_equilibre,mid,low,mid,high,fixed,fixed,0.05,5.0,task,4042
Scholl_LUTZ1_c04,Scholl_LUTZ1,c04,4,normal_equilibre,mid,low,mid,high,fixed,fixed,0.05,5.0,task,4042
Scholl_ROSZIEG_c04,Scholl_ROSZIEG,c04,4,normal_equilibre,mid,low,mid,high,fixed,fixed,0.05,5.0,task,4042
Otto_instance_n=100_156_c04,Otto_instance_n=100_156,c04,4,normal_equilibre,mid,low,mid,high,fixed,fixed,0.05,5.0,task,4042
Otto_instance_n=100_33_c04,Otto_instance_n=100_33,c04,4,normal_equilibre,mid,low,mid,high,fixed,fixed,0.05,5.0,task,4042
Otto_instance_n=20_146_c04,Otto_instance_n=20_146,c04,4,normal_equilibre,mid,low,mid,high,fixed,fixed,0.05,5.0,task,4042
Otto_instance_n=20_240_c04,Otto_instance_n=20_240,c04,4,normal_equilibre,mid,low,mid,high,fixed,fixed,0.05,5.0,task,4042
Otto_instance_n=20_288_c04,Otto_instance_n=20_288,c04,4,normal_equilibre,mid,low,mid,high,fixed,fixed,0.05,5.0,task,4042
Otto_instance_n=20_455_c04,Otto_instance_n=20_455,c04,4,normal_equilibre,mid,low,mid,high,fixed,fixed,0.05,5.0,task,4042
Otto_instance_n=50_15_c04,Otto_instance_n=50_15,c04,4,normal_equilibre,mid,low,mid,high,fixed,fixed,0.05,5.0,task,4042
Otto_instance_n=50_58_c04,Otto_instance_n=50_58,c04,4,normal_equilibre,mid,low,mid,high,fixed,fixed,0.05,5.0,task,4042
Otto_instance_n=50_69_c04,Otto_instance_n=50_69,c04,4,normal_equilibre,mid,low,mid,high,fixed,fixed,0.05,5.0,task,4042
Scholl_BOWMAN8_c05,Scholl_BOWMAN8,c05,5,se_favorable,mid,mid,high,low,fixed,fixed,0.05,5.0,task,5042
Scholl_HESKIA_c05,Scholl_HESKIA,c05,5,se_favorable,mid,mid,high,low,fixed,fixed,0.05,5.0,task,5042
Scholl_JACKSON_c05,Scholl_JACKSON,c05,5,se_favorable,mid,mid,high,low,fixed,fixed,0.05,5.0,task,5042
Scholl_LUTZ1_c05,Scholl_LUTZ1,c05,5,se_favorable,mid,mid,high,low,fixed,fixed,0.05,5.0,task,5042
Scholl_ROSZIEG_c05,Scholl_ROSZIEG,c05,5,se_favorable,mid,mid,high,low,fixed,fixed,0.05,5.0,task,5042
Otto_instance_n=100_156_c05,Otto_instance_n=100_156,c05,5,se_favorable,mid,mid,high,low,fixed,fixed,0.05,5.0,task,5042
Otto_instance_n=100_33_c05,Otto_instance_n=100_33,c05,5,se_favorable,mid,mid,high,low,fixed,fixed,0.05,5.0,task,5042
Otto_instance_n=20_146_c05,Otto_instance_n=20_146,c05,5,se_favorable,mid,mid,high,low,fixed,fixed,0.05,5.0,task,5042
Otto_instance_n=20_240_c05,Otto_instance_n=20_240,c05,5,se_favorable,mid,mid,high,low,fixed,fixed,0.05,5.0,task,5042
Otto_instance_n=20_288_c05,Otto_instance_n=20_288,c05,5,se_favorable,mid,mid,high,low,fixed,fixed,0.05,5.0,task,5042
Otto_instance_n=20_455_c05,Otto_instance_n=20_455,c05,5,se_favorable,mid,mid,high,low,fixed,fixed,0.05,5.0,task,5042
Otto_instance_n=50_15_c05,Otto_instance_n=50_15,c05,5,se_favorable,mid,mid,high,low,fixed,fixed,0.05,5.0,task,5042
Otto_instance_n=50_58_c05,Otto_instance_n=50_58,c05,5,se_favorable,mid,mid,high,low,fixed,fixed,0.05,5.0,task,5042
Otto_instance_n=50_69_c05,Otto_instance_n=50_69,c05,5,se_favorable,mid,mid,high,low,fixed,fixed,0.05,5.0,task,5042
Scholl_BOWMAN8_c06,Scholl_BOWMAN8,c06,6,normal_equilibre,mid,high,low,mid,fixed,fixed,0.05,5.0,task,6042
Scholl_HESKIA_c06,Scholl_HESKIA,c06,6,normal_equilibre,mid,high,low,mid,fixed,fixed,0.05,5.0,task,6042
Scholl_JACKSON_c06,Scholl_JACKSON,c06,6,normal_equilibre,mid,high,low,mid,fixed,fixed,0.05,5.0,task,6042
Scholl_LUTZ1_c06,Scholl_LUTZ1,c06,6,normal_equilibre,mid,high,low,mid,fixed,fixed,0.05,5.0,task,6042
Scholl_ROSZIEG_c06,Scholl_ROSZIEG,c06,6,normal_equilibre,mid,high,low,mid,fixed,fixed,0.05,5.0,task,6042
Otto_instance_n=100_156_c06,Otto_instance_n=100_156,c06,6,normal_equilibre,mid,high,low,mid,fixed,fixed,0.05,5.0,task,6042
Otto_instance_n=100_33_c06,Otto_instance_n=100_33,c06,6,normal_equilibre,mid,high,low,mid,fixed,fixed,0.05,5.0,task,6042
Otto_instance_n=20_146_c06,Otto_instance_n=20_146,c06,6,normal_equilibre,mid,high,low,mid,fixed,fixed,0.05,5.0,task,6042
Otto_instance_n=20_240_c06,Otto_instance_n=20_240,c06,6,normal_equilibre,mid,high,low,mid,fixed,fixed,0.05,5.0,task,6042
Otto_instance_n=20_288_c06,Otto_instance_n=20_288,c06,6,normal_equilibre,mid,high,low,mid,fixed,fixed,0.05,5.0,task,6042
Otto_instance_n=20_455_c06,Otto_instance_n=20_455,c06,6,normal_equilibre,mid,high,low,mid,fixed,fixed,0.05,5.0,task,6042
Otto_instance_n=50_15_c06,Otto_instance_n=50_15,c06,6,normal_equilibre,mid,high,low,mid,fixed,fixed,0.05,5.0,task,6042
Otto_instance_n=50_58_c06,Otto_instance_n=50_58,c06,6,normal_equilibre,mid,high,low,mid,fixed,fixed,0.05,5.0,task,6042
Otto_instance_n=50_69_c06,Otto_instance_n=50_69,c06,6,normal_equilibre,mid,high,low,mid,fixed,fixed,0.05,5.0,task,6042
Scholl_BOWMAN8_c07,Scholl_BOWMAN8,c07,7,normal_equilibre,high,low,high,mid,fixed,fixed,0.05,5.0,task,7042
Scholl_HESKIA_c07,Scholl_HESKIA,c07,7,normal_equilibre,high,low,high,mid,fixed,fixed,0.05,5.0,task,7042
Scholl_JACKSON_c07,Scholl_JACKSON,c07,7,normal_equilibre,high,low,high,mid,fixed,fixed,0.05,5.0,task,7042
Scholl_LUTZ1_c07,Scholl_LUTZ1,c07,7,normal_equilibre,high,low,high,mid,fixed,fixed,0.05,5.0,task,7042
Scholl_ROSZIEG_c07,Scholl_ROSZIEG,c07,7,normal_equilibre,high,low,high,mid,fixed,fixed,0.05,5.0,task,7042
Otto_instance_n=100_156_c07,Otto_instance_n=100_156,c07,7,normal_equilibre,high,low,high,mid,fixed,fixed,0.05,5.0,task,7042
Otto_instance_n=100_33_c07,Otto_instance_n=100_33,c07,7,normal_equilibre,high,low,high,mid,fixed,fixed,0.05,5.0,task,7042
Otto_instance_n=20_146_c07,Otto_instance_n=20_146,c07,7,normal_equilibre,high,low,high,mid,fixed,fixed,0.05,5.0,task,7042
Otto_instance_n=20_240_c07,Otto_instance_n=20_240,c07,7,normal_equilibre,high,low,high,mid,fixed,fixed,0.05,5.0,task,7042
Otto_instance_n=20_288_c07,Otto_instance_n=20_288,c07,7,normal_equilibre,high,low,high,mid,fixed,fixed,0.05,5.0,task,7042
Otto_instance_n=20_455_c07,Otto_instance_n=20_455,c07,7,normal_equilibre,high,low,high,mid,fixed,fixed,0.05,5.0,task,7042
Otto_instance_n=50_15_c07,Otto_instance_n=50_15,c07,7,normal_equilibre,high,low,high,mid,fixed,fixed,0.05,5.0,task,7042
Otto_instance_n=50_58_c07,Otto_instance_n=50_58,c07,7,normal_equilibre,high,low,high,mid,fixed,fixed,0.05,5.0,task,7042
Otto_instance_n=50_69_c07,Otto_instance_n=50_69,c07,7,normal_equilibre,high,low,high,mid,fixed,fixed,0.05,5.0,task,7042
Scholl_BOWMAN8_c08,Scholl_BOWMAN8,c08,8,normal_equilibre,high,mid,low,high,fixed,fixed,0.05,5.0,task,8042
Scholl_HESKIA_c08,Scholl_HESKIA,c08,8,normal_equilibre,high,mid,low,high,fixed,fixed,0.05,5.0,task,8042
Scholl_JACKSON_c08,Scholl_JACKSON,c08,8,normal_equilibre,high,mid,low,high,fixed,fixed,0.05,5.0,task,8042
Scholl_LUTZ1_c08,Scholl_LUTZ1,c08,8,normal_equilibre,high,mid,low,high,fixed,fixed,0.05,5.0,task,8042
Scholl_ROSZIEG_c08,Scholl_ROSZIEG,c08,8,normal_equilibre,high,mid,low,high,fixed,fixed,0.05,5.0,task,8042
Otto_instance_n=100_156_c08,Otto_instance_n=100_156,c08,8,normal_equilibre,high,mid,low,high,fixed,fixed,0.05,5.0,task,8042
Otto_instance_n=100_33_c08,Otto_instance_n=100_33,c08,8,normal_equilibre,high,mid,low,high,fixed,fixed,0.05,5.0,task,8042
Otto_instance_n=20_146_c08,Otto_instance_n=20_146,c08,8,normal_equilibre,high,mid,low,high,fixed,fixed,0.05,5.0,task,8042
Otto_instance_n=20_240_c08,Otto_instance_n=20_240,c08,8,normal_equilibre,high,mid,low,high,fixed,fixed,0.05,5.0,task,8042
Otto_instance_n=20_288_c08,Otto_instance_n=20_288,c08,8,normal_equilibre,high,mid,low,high,fixed,fixed,0.05,5.0,task,8042
Otto_instance_n=20_455_c08,Otto_instance_n=20_455,c08,8,normal_equilibre,high,mid,low,high,fixed,fixed,0.05,5.0,task,8042
Otto_instance_n=50_15_c08,Otto_instance_n=50_15,c08,8,normal_equilibre,high,mid,low,high,fixed,fixed,0.05,5.0,task,8042
Otto_instance_n=50_58_c08,Otto_instance_n=50_58,c08,8,normal_equilibre,high,mid,low,high,fixed,fixed,0.05,5.0,task,8042
Otto_instance_n=50_69_c08,Otto_instance_n=50_69,c08,8,normal_equilibre,high,mid,low,high,fixed,fixed,0.05,5.0,task,8042
Scholl_BOWMAN8_c09,Scholl_BOWMAN8,c09,9,normal_equilibre,high,high,mid,low,fixed,fixed,0.05,5.0,task,9042
Scholl_HESKIA_c09,Scholl_HESKIA,c09,9,normal_equilibre,high,high,mid,low,fixed,fixed,0.05,5.0,task,9042
Scholl_JACKSON_c09,Scholl_JACKSON,c09,9,normal_equilibre,high,high,mid,low,fixed,fixed,0.05,5.0,task,9042
Scholl_LUTZ1_c09,Scholl_LUTZ1,c09,9,normal_equilibre,high,high,mid,low,fixed,fixed,0.05,5.0,task,9042
Scholl_ROSZIEG_c09,Scholl_ROSZIEG,c09,9,normal_equilibre,high,high,mid,low,fixed,fixed,0.05,5.0,task,9042
Otto_instance_n=100_156_c09,Otto_instance_n=100_156,c09,9,normal_equilibre,high,high,mid,low,fixed,fixed,0.05,5.0,task,9042
Otto_instance_n=100_33_c09,Otto_instance_n=100_33,c09,9,normal_equilibre,high,high,mid,low,fixed,fixed,0.05,5.0,task,9042
Otto_instance_n=20_146_c09,Otto_instance_n=20_146,c09,9,normal_equilibre,high,high,mid,low,fixed,fixed,0.05,5.0,task,9042
Otto_instance_n=20_240_c09,Otto_instance_n=20_240,c09,9,normal_equilibre,high,high,mid,low,fixed,fixed,0.05,5.0,task,9042
Otto_instance_n=20_288_c09,Otto_instance_n=20_288,c09,9,normal_equilibre,high,high,mid,low,fixed,fixed,0.05,5.0,task,9042
Otto_instance_n=20_455_c09,Otto_instance_n=20_455,c09,9,normal_equilibre,high,high,mid,low,fixed,fixed,0.05,5.0,task,9042
Otto_instance_n=50_15_c09,Otto_instance_n=50_15,c09,9,normal_equilibre,high,high,mid,low,fixed,fixed,0.05,5.0,task,9042
Otto_instance_n=50_58_c09,Otto_instance_n=50_58,c09,9,normal_equilibre,high,high,mid,low,fixed,fixed,0.05,5.0,task,9042
Otto_instance_n=50_69_c09,Otto_instance_n=50_69,c09,9,normal_equilibre,high,high,mid,low,fixed,fixed,0.05,5.0,task,9042
