run_name,base_instance,source,n_tasks,config_name,config_id,alpha_level,beta_level,gamma_level,sigma_level,R_e_level,C_c_level,alpha_ci,beta_su,gamma_setup,sigma_si,alpha_ci_std,beta_su_std,gamma_setup_std,sigma_si_std,R_e,C_c,T,factor_granularity,seed,status,n_pareto,n_certified,total_cpu_s,min_cost,max_cost,min_energy,max_energy,cost_range,energy_range,HV_abs,HV_norm,ref_cost,ref_energy,spacing,spread_delta,max_spread,gap_mean_pct,gap_max_pct,pct_HI,pct_CI,pct_SEH,pct_SEC,pct_SU,pct_SIH,pct_SIC
instance_n=20_63_c01,instance_n=20_63,Otto,20,c01,1,,,,,,,0.9394,0.3558,0.9076,1.0747,,,,,0.05,5.0,1000.0,,1042,OK,6,2,4340.66,45.0,200.0,0.0,1173.1,155.0,1173.1,169296.65,0.749692,220.0,1290.41,205.21406,0.690287,1183.295656,19.3703,50.4673,37.5,23.33,0.0,0.0,39.17,0.0,0.0
instance_n=20_1_c01,instance_n=20_1,Otto,20,c01,1,,,,,,,0.9394,0.3558,0.9076,1.0747,,,,,0.05,5.0,1000.0,,1042,OK,4,3,1025.39,27.0,120.0,0.0,727.0999999999999,93.0,727.1,53047.15,0.631664,132.0,799.81,192.583547,0.692799,733.023472,13.6084,54.4337,33.75,26.25,0.0,0.0,40.0,0.0,0.0
instance_n=20_10_c01,instance_n=20_10,Otto,20,c01,1,,,,,,,0.9394,0.3558,0.9076,1.0747,,,,,0.05,5.0,1000.0,,1042,OK,4,3,415.47,27.0,120.0,0.0,702.4999999999999,93.0,702.5,51144.85,0.630338,132.0,772.75,185.477272,0.688574,708.629134,14.0358,56.1433,33.75,26.25,0.0,0.0,40.0,0.0,0.0
instance_n=20_77_c01,instance_n=20_77,Otto,20,c01,1,,,,,,,0.9394,0.3558,0.9076,1.0747,,,,,0.05,5.0,1000.0,,1042,OK,4,3,1053.18,27.0,120.0,0.0,738.4,93.0,738.4,53699.75,0.629649,132.0,812.24,191.001071,0.679175,744.233539,12.5604,50.2417,33.75,26.25,0.0,0.0,40.0,0.0,0.0
instance_n=20_97_c01,instance_n=20_97,Otto,20,c01,1,,,,,,,0.9394,0.3558,0.9076,1.0747,,,,,0.05,5.0,1000.0,,1042,OK,16,1,21331.45,117.0,600.0,0.0,2697.3,483.0,2697.3,1385253.19,0.85982,660.0,2967.03,209.877469,0.886196,2740.203695,70.3539,100.0,43.12,15.62,0.0,0.0,40.31,0.62,0.31
instance_n=20_87_c01,instance_n=20_87,Otto,20,c01,1,,,,,,,0.9394,0.3558,0.9076,1.0747,,,,,0.05,5.0,1000.0,,1042,OK,4,3,1275.11,27.0,120.0,0.0,708.8500000000001,93.0,708.85,51661.325,0.631,132.0,779.735,187.088203,0.689541,714.924697,9.3981,37.5925,37.5,26.25,0.0,0.0,36.25,0.0,0.0
instance_n=20_69_c01,instance_n=20_69,Otto,20,c01,1,,,,,,,0.9394,0.3558,0.9076,1.0747,,,,,0.05,5.0,1000.0,,1042,OK,3,2,656.99,18.0,80.0,0.0,492.95,62.0,492.95,20013.5,0.527266,88.0,542.245,127.103662,0.450568,496.833677,9.5387,28.6162,33.33,33.33,0.0,0.0,33.33,0.0,0.0
instance_n=20_74_c01,instance_n=20_74,Otto,20,c01,1,,,,,,,0.9394,0.3558,0.9076,1.0747,,,,,0.05,5.0,1000.0,,1042,OK,4,3,1023.33,27.0,120.0,0.0,680.4000000000001,93.0,680.4,49374.5,0.628285,132.0,748.44,178.834288,0.682702,686.726408,25.0,100.0,37.5,26.25,0.0,0.0,36.25,0.0,0.0
instance_n=20_68_c01,instance_n=20_68,Otto,20,c01,1,,,,,,,0.9394,0.3558,0.9076,1.0747,,,,,0.05,5.0,1000.0,,1042,OK,4,3,1069.26,27.0,120.0,0.0,721.0500000000001,93.0,721.05,52138.325,0.626051,132.0,793.155,183.323704,0.665802,727.022766,10.0945,40.378,32.5,26.25,0.0,0.0,41.25,0.0,0.0
instance_n=20_73_c01,instance_n=20_73,Otto,20,c01,1,,,,,,,0.9394,0.3558,0.9076,1.0747,,,,,0.05,5.0,1000.0,,1042,OK,3,2,993.79,18.0,80.0,0.0,486.8,62.0,486.8,19821.5,0.528805,88.0,535.48,127.363469,0.456787,490.732351,13.9933,41.98,33.33,33.33,0.0,0.0,33.33,0.0,0.0
instance_n=20_99_c01,instance_n=20_99,Otto,20,c01,1,,,,,,,0.9394,0.3558,0.9076,1.0747,,,,,0.05,5.0,1000.0,,1042,OK,13,3,17258.09,99.0,480.0,0.0,2520.5500000000006,381.0,2520.55,965488.245,0.811711,528.0,2772.605,205.947761,0.817921,2549.18287,58.0395,99.8034,38.85,19.23,0.0,0.0,41.92,0.0,0.0
instance_n=20_88_c01,instance_n=20_88,Otto,20,c01,1,,,,,,,0.9394,0.3558,0.9076,1.0747,,,,,0.05,5.0,1000.0,,1042,OK,4,3,588.74,27.0,120.0,0.0,680.4000000000001,93.0,680.4,55932.75,0.711738,132.0,748.44,220.345707,0.822424,686.726408,11.4976,45.9903,36.25,25.0,0.0,0.0,38.75,0.0,0.0
instance_n=20_91_c01,instance_n=20_91,Otto,20,c01,1,,,,,,,0.9394,0.3558,0.9076,1.0747,,,,,0.05,5.0,1000.0,,1042,OK,12,3,12699.66,90.0,440.0,0.0,2345.45,350.0,2345.45,812231.13,0.799033,484.0,2579.995,203.000526,0.772845,2371.420609,53.3054,98.0456,35.83,19.58,0.0,0.0,40.0,2.92,1.67
instance_n=20_82_c01,instance_n=20_82,Otto,20,c01,1,,,,,,,0.9872,0.3753,0.8974,1.041,,,,,0.05,5.0,1000.0,,1042,OK,5,2,910.18,36.0,160.0,0.0,921.4999999999999,124.0,921.5,104966.9,0.739667,176.0,1013.65,205.801429,0.691197,929.80549,18.6005,40.1495,38.0,26.0,0.0,0.0,26.0,7.0,3.0
instance_n=20_63_c02,instance_n=20_63,Otto,20,c02,2,,,,,,,0.9834,0.594,1.0293,1.1083,,,,,0.05,5.0,1000.0,,2042,OK,7,2,6536.75,45.0,200.0,0.0,1257.8,155.0,1257.8,147611.45,0.609646,220.0,1383.58,150.02889,0.458891,1267.31442,42.9692,65.8129,32.86,29.29,0.0,0.0,0.0,20.71,17.14
instance_n=20_1_c02,instance_n=20_1,Otto,20,c02,2,,,,,,,0.9834,0.594,1.0293,1.1083,,,,,0.05,5.0,1000.0,,2042,OK,6,1,4074.53,27.0,120.0,0.0,778.8000000000001,93.0,778.8,45378.05,0.504473,132.0,856.68,124.397965,0.621787,784.333118,54.1785,85.5391,32.5,40.83,0.0,0.0,0.0,15.83,10.83
instance_n=20_10_c02,instance_n=20_10,Otto,20,c02,2,,,,,,,0.9834,0.594,1.0293,1.1083,,,,,0.05,5.0,1000.0,,2042,OK,6,1,4534.73,27.0,120.0,0.0,772.3,93.0,772.3,44729.75,0.501451,132.0,849.53,125.752172,0.639728,777.879354,62.3346,88.1915,37.5,41.67,0.0,0.0,0.0,11.67,9.17
instance_n=20_77_c02,instance_n=20_77,Otto,20,c02,2,,,,,,,0.9834,0.594,1.0293,1.1083,,,,,0.05,5.0,1000.0,,2042,OK,6,1,4131.21,27.0,120.0,0.0,778.0000000000001,93.0,778.0,44980.4,0.500566,132.0,855.8,122.259345,0.612506,783.538767,54.87,84.8141,33.33,39.17,0.0,0.0,0.0,15.83,11.67
instance_n=20_97_c02,instance_n=20_97,Otto,20,c02,2,,,,,,,0.9834,0.594,1.0293,1.1083,,,,,0.05,5.0,1000.0,,2042,OK,17,2,23300.06,171.0,600.0,0.0,2310.35,429.0,2310.35,895949.665,0.720949,660.0,2541.385,74.279211,0.539709,2349.842148,79.8102,100.0,37.94,19.71,0.0,0.0,30.0,6.47,5.88
instance_n=20_87_c02,instance_n=20_87,Otto,20,c02,2,,,,,,,0.9834,0.594,1.0293,1.1083,,,,,0.05,5.0,1000.0,,2042,OK,6,1,5273.35,27.0,120.0,0.0,757.6999999999999,93.0,757.7,44383.0,0.507151,132.0,833.47,117.00711,0.589987,763.386069,56.6794,82.1887,35.83,36.67,0.0,0.0,0.0,19.17,8.33
instance_n=20_69_c02,instance_n=20_69,Otto,20,c02,2,,,,,,,0.9834,0.594,1.0293,1.1083,,,,,0.05,5.0,1000.0,,2042,OK,4,3,1191.72,18.0,80.0,0.0,521.55,62.0,521.55,17073.05,0.425133,88.0,573.705,144.032282,0.566422,525.222241,7.6357,30.543,40.0,37.5,0.0,0.0,0.0,12.5,10.0
instance_n=20_74_c02,instance_n=20_74,Otto,20,c02,2,,,,,,,0.9834,0.594,1.0293,1.1083,,,,,0.05,5.0,1000.0,,2042,OK,4,2,2196.13,27.0,120.0,0.0,740.1500000000001,93.0,740.15,48881.675,0.5718,132.0,814.165,103.905606,0.306404,745.969854,14.4657,43.8856,31.25,32.5,0.0,0.0,0.0,20.0,16.25
instance_n=20_68_c02,instance_n=20_68,Otto,20,c02,2,,,,,,,0.9834,0.594,1.0293,1.1083,,,,,0.05,5.0,1000.0,,2042,OK,5,1,3423.47,27.0,120.0,0.0,772.5999999999999,93.0,772.6,43799.65,0.490833,132.0,849.86,133.140309,0.403106,778.177203,48.763,81.0186,40.0,40.0,0.0,0.0,0.0,13.0,7.0
instance_n=20_73_c02,instance_n=20_73,Otto,20,c02,2,,,,,,,0.9834,0.594,1.0293,1.1083,,,,,0.05,5.0,1000.0,,2042,OK,4,1,2564.52,18.0,80.0,0.0,522.4,62.0,522.4,17301.15,0.430112,88.0,574.64,138.843371,0.539782,526.066308,51.9919,81.4783,37.5,40.0,0.0,0.0,0.0,13.75,8.75
instance_n=20_99_c02,instance_n=20_99,Otto,20,c02,2,,,,,,,0.9834,0.594,1.0293,1.1083,,,,,0.05,5.0,1000.0,,2042,OK,16,3,19361.12,99.0,480.0,0.0,2700.05,381.0,2700.05,823523.795,0.64633,528.0,2970.055,117.01798,0.489407,2726.798673,67.42,96.2589,35.94,34.06,0.0,0.0,13.12,9.69,7.19
instance_n=20_88_c02,instance_n=20_88,Otto,20,c02,2,,,,,,,0.9834,0.594,1.0293,1.1083,,,,,0.05,5.0,1000.0,,2042,OK,4,2,1828.51,27.0,120.0,0.0,736.3,93.0,736.3,49299.05,0.579698,132.0,809.93,111.992607,0.323851,742.150045,21.5571,53.7301,33.75,32.5,0.0,0.0,0.0,17.5,16.25
instance_n=20_91_c02,instance_n=20_91,Otto,20,c02,2,,,,,,,0.9747,0.6363,1.0065,1.1801,,,,,0.05,5.0,1000.0,,2042,OK,15,4,7640.62,90.0,440.0,0.0,2476.6499999999996,350.0,2476.65,669906.16,0.624109,484.0,2724.315,102.015984,0.438496,2501.258728,61.0883,92.8405,33.33,40.0,0.0,0.0,8.0,11.0,7.67
instance_n=20_82_c02,instance_n=20_82,Otto,20,c02,2,,,,,,,0.9747,0.6363,1.0065,1.1801,,,,,0.05,5.0,1000.0,,2042,OK,6,2,1225.58,36.0,160.0,0.0,950.8499999999999,124.0,950.85,86656.0,0.591788,176.0,1045.935,144.051409,0.539526,958.90131,41.6797,74.0186,30.0,31.67,0.0,0.0,0.0,19.17,19.17
instance_n=20_63_c03,instance_n=20_63,Otto,20,c03,3,,,,,,,0.8528,0.9373,1.0988,1.4043,,,,,0.05,5.0,1000.0,,3042,OK,6,2,4365.2,36.0,200.0,0.0,1031.25,164.0,1031.25,111470.8,0.534056,220.0,1134.375,37.130998,0.104913,1044.209061,40.1745,77.4026,42.5,42.5,0.0,0.0,0.0,7.5,7.5
instance_n=20_1_c03,instance_n=20_1,Otto,20,c03,3,,,,,,,0.8528,0.9373,1.0988,1.4043,,,,,0.05,5.0,1000.0,,3042,OK,4,1,3141.17,27.0,120.0,0.0,665.6,93.0,665.6,36928.65,0.480361,132.0,732.16,22.71418,0.076622,672.065741,32.9115,52.6067,50.0,50.0,0.0,0.0,0.0,0.0,0.0
instance_n=20_10_c03,instance_n=20_10,Otto,20,c03,3,,,,,,,0.8528,0.9373,1.0988,1.4043,,,,,0.05,5.0,1000.0,,3042,OK,4,1,2395.01,27.0,120.0,0.0,663.6999999999999,93.0,663.7,37532.25,0.489611,132.0,730.07,33.211343,0.110207,670.184072,50.7026,76.7835,51.25,48.75,0.0,0.0,0.0,0.0,0.0
instance_n=20_77_c03,instance_n=20_77,Otto,20,c03,3,,,,,,,0.8528,0.9373,1.0988,1.4043,,,,,0.05,5.0,1000.0,,3042,OK,4,2,2192.74,27.0,120.0,0.0,684.2,93.0,684.2,37681.95,0.476835,132.0,752.62,16.434136,0.057945,690.491593,13.738,37.5093,48.75,51.25,0.0,0.0,0.0,0.0,0.0
instance_n=20_97_c03,instance_n=20_97,Otto,20,c03,3,,,,,,,0.8528,0.9373,1.0988,1.4043,,,,,0.05,5.0,1000.0,,3042,OK,13,2,12263.51,81.0,440.0,0.0,2345.33,359.0,2345.33,617088.619,0.593534,484.0,2579.863,92.523758,0.270849,2372.647005,66.4713,95.3491,51.15,46.15,0.0,0.0,0.0,1.15,1.54
instance_n=20_87_c03,instance_n=20_87,Otto,20,c03,3,,,,,,,0.8528,0.9373,1.0988,1.4043,,,,,0.05,5.0,1000.0,,3042,OK,4,1,2547.96,27.0,120.0,0.0,658.15,93.0,658.15,36773.425,0.483757,132.0,723.965,25.505012,0.085089,664.688215,32.4406,53.3019,55.0,45.0,0.0,0.0,0.0,0.0,0.0
instance_n=20_69_c03,instance_n=20_69,Otto,20,c03,3,,,,,,,0.8528,0.9373,1.0988,1.4043,,,,,0.05,5.0,1000.0,,3042,OK,3,3,18.75,18.0,80.0,0.0,459.35,62.0,459.35,14054.35,0.397353,88.0,505.285,1.645448,0.006093,463.515288,0.0,0.0,46.67,53.33,0.0,0.0,0.0,0.0,0.0
instance_n=20_74_c03,instance_n=20_74,Otto,20,c03,3,,,,,,,0.8528,0.9373,1.0988,1.4043,,,,,0.05,5.0,1000.0,,3042,OK,4,4,159.45,27.0,120.0,0.0,656.45,93.0,656.45,36933.575,0.487122,132.0,722.095,28.379394,0.090921,663.004979,0.0,0.0,48.75,51.25,0.0,0.0,0.0,0.0,0.0
instance_n=20_68_c03,instance_n=20_68,Otto,20,c03,3,,,,,,,0.8528,0.9373,1.0988,1.4043,,,,,0.05,5.0,1000.0,,3042,OK,4,2,1718.19,27.0,120.0,0.0,667.65,93.0,667.65,36672.525,0.475565,132.0,734.415,14.510255,0.048938,674.096078,8.1014,23.6028,52.5,47.5,0.0,0.0,0.0,0.0,0.0
instance_n=20_73_c03,instance_n=20_73,Otto,20,c03,3,,,,,,,0.8528,0.9373,1.0988,1.4043,,,,,0.05,5.0,1000.0,,3042,OK,3,2,1030.83,18.0,80.0,0.0,457.05,62.0,457.05,14281.8,0.405815,88.0,502.755,12.730573,0.04737,461.236059,13.1287,39.3861,50.0,50.0,0.0,0.0,0.0,0.0,0.0
instance_n=20_99_c03,instance_n=20_99,Otto,20,c03,3,,,,,,,0.8528,0.9373,1.0988,1.4043,,,,,0.05,5.0,1000.0,,3042,OK,12,3,8662.94,81.0,440.0,0.0,2269.5849999999996,359.0,2269.58,605393.6155,0.601719,484.0,2496.5435,45.030279,0.165862,2297.802662,58.5123,98.8164,52.5,45.42,0.0,0.0,0.0,0.83,1.25
instance_n=20_88_c03,instance_n=20_88,Otto,20,c03,3,,,,,,,0.8528,0.9373,1.0988,1.4043,,,,,0.05,5.0,1000.0,,3042,OK,4,2,1827.93,27.0,120.0,0.0,643.1999999999999,93.0,643.2,36567.25,0.492226,132.0,707.52,40.154711,0.141978,649.888637,31.6786,86.8048,53.75,46.25,0.0,0.0,0.0,0.0,0.0
instance_n=20_91_c03,instance_n=20_91,Otto,20,c03,3,,,,,,,0.976,0.8664,1.0726,1.3583,,,,,0.05,5.0,1079.4,,3042,OK,10,3,3992.89,81.0,360.0,0.0,2421.1299999999987,279.0,2421.13,475840.245,0.567205,396.0,2663.243,22.918591,0.10991,2437.152329,54.8929,86.0524,48.0,52.0,0.0,0.0,0.0,0.0,0.0
instance_n=20_82_c03,instance_n=20_82,Otto,20,c03,3,,,,,,,0.976,0.8664,1.0726,1.3583,,,,,0.05,5.0,1000.0,,3042,OK,5,2,912.14,36.0,160.0,0.0,910.3499999999999,124.0,910.35,80546.25,0.574535,176.0,1001.385,68.372348,0.196859,918.756291,29.4399,59.7076,35.0,33.0,0.0,0.0,0.0,14.0,18.0
instance_n=20_63_c04,instance_n=20_63,Otto,20,c04,4,,,,,,,1.239,0.3718,0.9695,1.3848,,,,,0.05,5.0,1000.0,,4042,OK,6,6,139.18,54.0,200.0,0.0,1523.6,146.0,1523.6,217097.01,0.780337,220.0,1675.96,282.737537,0.800594,1530.579289,0.0,0.0,37.5,22.5,0.0,0.0,40.0,0.0,0.0
instance_n=20_1_c04,instance_n=20_1,Otto,20,c04,4,,,,,,,1.239,0.3718,0.9695,1.3848,,,,,0.05,5.0,1000.0,,4042,OK,4,4,23.29,36.0,120.0,0.0,958.9999999999999,84.0,959.0,71561.75,0.70664,132.0,1054.9,276.503488,0.774812,962.671803,0.0,0.0,33.75,26.25,0.0,0.0,40.0,0.0,0.0
instance_n=20_10_c04,instance_n=20_10,Otto,20,c04,4,,,,,,,1.239,0.3718,0.9695,1.3848,,,,,0.05,5.0,1000.0,,4042,OK,4,4,40.61,36.0,120.0,0.0,929.15,84.0,929.15,69288.24,0.706171,132.0,1022.065,269.275752,0.780788,932.939292,0.0,0.0,37.5,27.5,0.0,0.0,35.0,0.0,0.0
instance_n=20_77_c04,instance_n=20_77,Otto,20,c04,4,,,,,,,1.239,0.3718,0.9695,1.3848,,,,,0.05,5.0,1000.0,,4042,OK,4,4,25.44,36.0,120.0,0.0,981.4,84.0,981.4,72801.94,0.702478,132.0,1079.54,275.601941,0.754163,984.988304,0.0,0.0,32.5,28.75,0.0,0.0,38.75,0.0,0.0
instance_n=20_97_c04,instance_n=20_97,Otto,20,c04,4,,,,,,,1.239,0.3718,0.9695,1.3848,,,,,0.05,5.0,1000.0,,4042,OK,9,4,7048.98,108.0,360.0,0.0,2464.84,252.0,2464.84,641607.522,0.821666,396.0,2711.324,376.725581,0.984831,2477.688484,39.8267,95.6775,39.44,12.22,0.0,0.0,48.33,0.0,0.0
instance_n=20_87_c04,instance_n=20_87,Otto,20,c04,4,,,,,,,1.239,0.3718,0.9695,1.3848,,,,,0.05,5.0,1000.0,,4042,OK,4,4,33.39,36.0,120.0,0.0,936.6,84.0,936.6,70011.91,0.707871,132.0,1030.26,275.418622,0.790942,940.359272,0.0,0.0,33.75,26.25,0.0,0.0,40.0,0.0,0.0
instance_n=20_69_c04,instance_n=20_69,Otto,20,c04,4,,,,,,,1.239,0.3718,0.9695,1.3848,,,,,0.05,5.0,1000.0,,4042,OK,3,3,3.9,27.0,80.0,0.0,676.2,53.0,676.2,28549.92,0.629227,88.0,743.82,227.129596,0.596401,678.273868,0.0,0.0,33.33,33.33,0.0,0.0,33.33,0.0,0.0
instance_n=20_74_c04,instance_n=20_74,Otto,20,c04,4,,,,,,,1.239,0.3718,0.9695,1.3848,,,,,0.05,5.0,1000.0,,4042,OK,4,4,8.12,36.0,120.0,0.0,918.55,84.0,918.55,68619.63,0.707427,132.0,1010.405,269.817133,0.789648,922.382839,0.0,0.0,37.5,27.5,0.0,0.0,35.0,0.0,0.0
instance_n=20_68_c04,instance_n=20_68,Otto,20,c04,4,,,,,,,1.239,0.3718,0.9695,1.3848,,,,,0.05,5.0,1000.0,,4042,OK,4,4,10.41,36.0,120.0,0.0,970.35,84.0,970.35,72298.46,0.705564,132.0,1067.385,278.699257,0.77272,973.979015,0.0,0.0,35.0,27.5,0.0,0.0,37.5,0.0,0.0
instance_n=20_73_c04,instance_n=20_73,Otto,20,c04,4,,,,,,,1.239,0.3718,0.9695,1.3848,,,,,0.05,5.0,1000.0,,4042,OK,3,3,5.89,27.0,80.0,0.0,654.75,53.0,654.75,27507.225,0.626107,88.0,720.225,215.091843,0.584169,656.891591,0.0,0.0,33.33,33.33,0.0,0.0,33.33,0.0,0.0
instance_n=20_99_c04,instance_n=20_99,Otto,20,c04,4,,,,,,,1.239,0.3718,0.9695,1.3848,,,,,0.05,5.0,1000.0,,4042,OK,10,5,6873.13,99.0,360.0,0.0,3376.635,261.0,3376.64,937301.2595,0.849662,396.0,3714.2985,409.247404,0.960192,3386.707091,36.7051,99.7908,35.0,19.5,0.0,0.0,45.5,0.0,0.0
instance_n=20_88_c04,instance_n=20_88,Otto,20,c04,4,,,,,,,1.239,0.3718,0.9695,1.3848,,,,,0.05,5.0,1000.0,,4042,OK,4,4,19.12,36.0,120.0,0.0,912.6,84.0,912.6,68259.61,0.708304,132.0,1003.86,269.460734,0.793433,916.457724,0.0,0.0,33.75,27.5,0.0,0.0,38.75,0.0,0.0
instance_n=20_91_c04,instance_n=20_91,Otto,20,c04,4,,,,,,,1.4377,0.3723,1.0021,1.3683,,,,,0.05,5.0,1593.9,,4042,OK,8,8,388.72,81.0,280.0,0.0,3569.8550000000005,199.0,3569.86,770995.1085,0.864933,308.0,3926.8405,579.574638,0.96369,3575.397282,0.0,0.0,36.88,20.0,0.0,0.0,43.12,0.0,0.0
instance_n=20_82_c04,instance_n=20_82,Otto,20,c04,4,,,,,,,1.4377,0.3723,1.0021,1.3683,,,,,0.05,5.0,1000.0,,4042,OK,5,5,137.39,54.0,160.0,0.0,1329.3500000000001,106.0,1329.35,146478.67,0.821074,176.0,1462.285,335.896253,0.781504,1333.569429,0.0,0.0,37.0,24.0,0.0,0.0,39.0,0.0,0.0
instance_n=20_63_c05,instance_n=20_63,Otto,20,c05,5,,,,,,,1.2972,0.6475,1.0861,1.0772,,,,,0.05,5.0,1000.0,,5042,OK,7,2,1520.01,63.0,200.0,0.0,1587.95,137.0,1587.95,175804.915,0.641065,220.0,1746.745,186.401666,0.520562,1593.848864,50.6041,83.3223,31.43,31.43,0.0,0.0,0.0,23.57,13.57
instance_n=20_1_c05,instance_n=20_1,Otto,20,c05,5,,,,,,,1.2972,0.6475,1.0861,1.0772,,,,,0.05,5.0,1000.0,,5042,OK,4,2,1595.39,36.0,120.0,0.0,975.6,84.0,975.6,54823.26,0.532144,132.0,1073.16,89.449441,0.204686,979.209559,39.2568,80.8676,25.0,35.0,0.0,0.0,0.0,25.0,15.0
instance_n=20_10_c05,instance_n=20_10,Otto,20,c05,5,,,,,,,1.2972,0.6475,1.0861,1.0772,,,,,0.05,5.0,1000.0,,5042,OK,4,1,2589.57,36.0,120.0,0.0,968.85,84.0,968.85,54908.01,0.53668,132.0,1065.735,97.841436,0.215613,972.484613,59.4282,90.088,25.0,33.75,0.0,0.0,0.0,31.25,10.0
instance_n=20_77_c05,instance_n=20_77,Otto,20,c05,5,,,,,,,1.2972,0.6475,1.0861,1.0772,,,,,0.05,5.0,1000.0,,5042,OK,4,2,1416.94,36.0,120.0,0.0,990.85,84.0,990.85,55001.76,0.52566,132.0,1089.935,84.545721,0.193719,994.404205,38.8974,87.2598,25.0,35.0,0.0,0.0,0.0,26.25,13.75
instance_n=20_97_c05,instance_n=20_97,Otto,20,c05,5,,,,,,,1.2972,0.6475,1.0861,1.0772,,,,,0.05,5.0,1000.0,,5042,OK,10,2,16525.75,215.0,440.0,0.0,2498.580000000001,225.0,2498.58,499575.412,0.675714,484.0,2748.438,148.21346,0.538084,2508.690299,74.9676,96.8412,42.0,22.0,0.0,0.0,12.5,15.0,8.5
instance_n=20_87_c05,instance_n=20_87,Otto,20,c05,5,,,,,,,1.2972,0.6475,1.0861,1.0772,,,,,0.05,5.0,1000.0,,5042,OK,4,2,1478.36,36.0,120.0,0.0,967.45,84.0,967.45,54288.87,0.531396,132.0,1064.195,93.679163,0.220366,971.089853,38.6426,84.4207,25.0,32.5,0.0,0.0,0.0,28.75,13.75
instance_n=20_69_c05,instance_n=20_69,Otto,20,c05,5,,,,,,,1.2972,0.6475,1.0861,1.0772,,,,,0.05,5.0,1000.0,,5042,OK,3,2,1026.95,27.0,80.0,0.0,674.4999999999999,53.0,674.5,19582.85,0.432685,88.0,741.95,58.485582,0.14789,676.579079,14.7929,44.3786,33.33,41.67,0.0,0.0,0.0,13.33,11.67
instance_n=20_74_c05,instance_n=20_74,Otto,20,c05,5,,,,,,,1.2972,0.6475,1.0861,1.0772,,,,,0.05,5.0,1000.0,,5042,OK,4,2,2228.85,36.0,120.0,0.0,966.6,84.0,966.6,55245.96,0.54124,132.0,1063.26,104.46759,0.232775,970.243042,19.0622,43.4201,25.0,35.0,0.0,0.0,0.0,23.75,16.25
instance_n=20_68_c05,instance_n=20_68,Otto,20,c05,5,,,,,,,1.2972,0.6475,1.0861,1.0772,,,,,0.05,5.0,1000.0,,5042,OK,4,2,3307.14,36.0,120.0,0.0,992.1,84.0,992.1,55599.96,0.530707,132.0,1091.31,91.032644,0.201794,995.649743,20.7729,49.0743,25.0,36.25,0.0,0.0,0.0,22.5,16.25
instance_n=20_73_c05,instance_n=20_73,Otto,20,c05,5,,,,,,,1.2972,0.6475,1.0861,1.0772,,,,,0.05,5.0,1000.0,,5042,OK,3,2,650.38,27.0,80.0,0.0,665.0999999999999,53.0,665.1,19642.71,0.440141,88.0,731.61,72.457459,0.186094,667.208371,22.2839,66.8516,33.33,38.33,0.0,0.0,0.0,20.0,8.33
instance_n=20_99_c05,instance_n=20_99,Otto,20,c05,5,,,,,,,1.2972,0.6475,1.0861,1.0772,,,,,0.05,5.0,1000.0,,5042,OK,11,2,8298.31,206.0,440.0,0.0,2934.8650000000007,234.0,2934.87,635316.4395,0.707888,484.0,3228.3515,163.627768,0.453796,2944.17876,73.3032,99.2572,43.18,25.45,0.0,0.0,2.73,18.18,10.45
instance_n=20_88_c05,instance_n=20_88,Otto,20,c05,5,,,,,,,1.2972,0.6475,1.0861,1.0772,,,,,0.05,5.0,1000.0,,5042,OK,5,2,3391.05,36.0,120.0,0.0,942.65,84.0,942.65,53313.79,0.535581,132.0,1036.915,187.557683,0.510504,946.38524,43.6504,82.5046,34.0,34.0,0.0,0.0,0.0,21.0,11.0
instance_n=20_91_c05,instance_n=20_91,Otto,20,c05,5,,,,,,,1.4094,0.6231,1.0757,1.0525,,,,,0.05,5.0,1131.9,,5042,OK,8,1,5117.53,180.0,360.0,0.0,2619.04,180.0,2619.04,427467.144,0.686933,396.0,2880.944,136.458531,0.355725,2625.218186,72.4126,93.6622,33.12,19.38,0.0,0.0,18.75,16.25,12.5
instance_n=20_82_c05,instance_n=20_82,Otto,20,c05,5,,,,,,,1.4094,0.6231,1.0757,1.0525,,,,,0.05,5.0,1000.0,,5042,OK,5,2,1208.52,45.0,160.0,0.0,1265.8500000000004,115.0,1265.85,110987.385,0.608453,176.0,1392.435,153.517753,0.340501,1271.063029,39.7937,81.8489,30.0,34.0,0.0,0.0,16.0,13.0,7.0
instance_n=20_63_c06,instance_n=20_63,Otto,20,c06,6,,,,,,,1.2683,0.933,0.9073,1.188,,,,,0.05,5.0,1000.0,,6042,OK,6,1,5446.75,54.0,200.0,0.0,1512.5500000000002,146.0,1512.55,154303.23,0.558682,220.0,1663.805,61.27892,0.137499,1519.580041,53.4746,75.1604,41.67,45.0,0.0,0.0,0.0,7.5,5.83
instance_n=20_1_c06,instance_n=20_1,Otto,20,c06,6,,,,,,,1.2683,0.933,0.9073,1.188,,,,,0.05,5.0,1000.0,,6042,OK,4,2,2211.8,36.0,120.0,0.0,955.7499999999999,84.0,955.75,50952.75,0.504847,132.0,1051.325,48.896038,0.12085,959.434241,33.8941,82.8346,25.0,36.25,0.0,0.0,0.0,21.25,17.5
instance_n=20_10_c06,instance_n=20_10,Otto,20,c06,6,,,,,,,1.2683,0.933,0.9073,1.188,,,,,0.05,5.0,1000.0,,6042,OK,4,2,3119.07,36.0,120.0,0.0,947.95,84.0,947.95,51294.57,0.512415,132.0,1042.745,56.614447,0.135508,951.664438,38.0583,84.7432,25.0,33.75,0.0,0.0,0.0,27.5,13.75
instance_n=20_77_c06,instance_n=20_77,Otto,20,c06,6,,,,,,,1.2683,0.933,0.9073,1.188,,,,,0.05,5.0,1000.0,,6042,OK,4,2,2150.96,36.0,120.0,0.0,972.1000000000001,84.0,972.1,51980.76,0.50637,132.0,1069.31,46.33619,0.10663,975.722507,27.6011,56.6826,25.0,36.25,0.0,0.0,0.0,20.0,18.75
instance_n=20_97_c06,instance_n=20_97,Otto,20,c06,6,,,,,,,1.2683,0.933,0.9073,1.188,,,,,0.05,5.0,1000.0,,6042,OK,11,1,18362.32,193.0,400.0,0.0,2789.080000000001,207.0,2789.08,496259.766,0.654875,440.0,3067.988,147.157349,0.43774,2796.751016,79.6516,97.4824,53.64,31.82,0.0,0.0,0.0,9.09,5.45
instance_n=20_87_c06,instance_n=20_87,Otto,20,c06,6,,,,,,,1.2683,0.933,0.9073,1.188,,,,,0.05,5.0,1000.0,,6042,OK,4,2,2219.21,36.0,120.0,0.0,954.4499999999999,84.0,954.45,51927.87,0.515209,132.0,1049.895,61.001148,0.142525,958.13924,34.5644,85.8613,25.0,37.5,0.0,0.0,0.0,22.5,15.0
instance_n=20_69_c06,instance_n=20_69,Otto,20,c06,6,,,,,,,1.2683,0.933,0.9073,1.188,,,,,0.05,5.0,1000.0,,6042,OK,3,2,1147.97,27.0,80.0,0.0,677.4,53.0,677.4,18757.94,0.412684,88.0,745.14,18.359739,0.045306,679.470205,7.7859,23.3577,33.33,41.67,0.0,0.0,0.0,11.67,13.33
instance_n=20_74_c06,instance_n=20_74,Otto,20,c06,6,,,,,,,1.2683,0.933,0.9073,1.188,,,,,0.05,5.0,1000.0,,6042,OK,4,2,1438.1,36.0,120.0,0.0,921.45,84.0,921.45,50041.17,0.514271,132.0,1013.595,56.670885,0.135276,925.270827,14.0269,34.2864,25.0,36.25,0.0,0.0,0.0,23.75,15.0
instance_n=20_68_c06,instance_n=20_68,Otto,20,c06,6,,,,,,,1.2683,0.933,0.9073,1.188,,,,,0.05,5.0,1000.0,,6042,OK,4,2,1310.06,36.0,120.0,0.0,955.2,84.0,955.2,48959.82,0.48538,132.0,1050.72,32.114003,0.089377,958.886354,31.0923,77.7021,33.75,40.0,0.0,0.0,0.0,15.0,11.25
instance_n=20_73_c06,instance_n=20_73,Otto,20,c06,6,,,,,,,1.2683,0.933,0.9073,1.188,,,,,0.05,5.0,1000.0,,6042,OK,3,2,2047.64,27.0,80.0,0.0,659.9,53.0,659.9,18629.49,0.420727,88.0,725.89,33.717256,0.086544,662.024932,20.3377,61.0132,33.33,41.67,0.0,0.0,0.0,15.0,10.0
instance_n=20_99_c06,instance_n=20_99,Otto,20,c06,6,,,,,,,1.2683,0.933,0.9073,1.188,,,,,0.05,5.0,1000.0,,6042,OK,10,2,10875.22,197.0,400.0,0.0,2865.9825,203.0,2865.98,520315.49975,0.679195,440.0,3152.5808,158.888382,0.353487,2873.162837,73.0888,100.0,55.5,34.5,0.0,0.0,0.0,6.0,4.0
instance_n=20_88_c06,instance_n=20_88,Otto,20,c06,6,,,,,,,1.2683,0.933,0.9073,1.188,,,,,0.05,5.0,1000.0,,6042,OK,4,2,2327.2,36.0,120.0,0.0,915.45,84.0,915.45,50510.72,0.522498,132.0,1006.995,67.543819,0.171734,919.295764,31.9635,83.8748,43.75,40.0,0.0,0.0,0.0,8.75,7.5
instance_n=20_91_c06,instance_n=20_91,Otto,20,c06,6,,,,,,,1.4015,0.8585,0.9059,1.1681,,,,,0.05,5.0,1269.45,,6042,OK,12,1,6049.86,117.0,320.0,0.0,3541.092500000001,203.0,3541.09,556547.61625,0.608001,352.0,3895.2018,219.232017,0.523883,3546.906412,68.4113,92.5206,40.42,47.5,0.0,0.0,0.0,7.5,4.58
instance_n=20_82_c06,instance_n=20_82,Otto,20,c06,6,,,,,,,1.4015,0.8585,0.9059,1.1681,,,,,0.05,5.0,1000.0,,6042,OK,5,2,1243.36,54.0,160.0,0.0,1298.75,106.0,1298.75,111033.4,0.637053,176.0,1428.625,134.974183,0.275926,1303.068518,27.9316,66.5632,32.0,34.0,0.0,0.0,0.0,16.0,18.0
instance_n=20_63_c07,instance_n=20_63,Otto,20,c07,7,,,,,,,2.0414,0.4438,1.0683,1.2229,,,,,0.05,5.0,1000.0,,7042,OK,4,3,1202.98,72.0,160.0,0.0,1043.04,88.0,1043.04,83048.006,0.695989,176.0,1147.344,256.860566,0.658889,1046.745643,5.7869,23.1476,40.0,8.75,0.0,0.0,51.25,0.0,0.0
instance_n=20_1_c07,instance_n=20_1,Otto,20,c07,7,,,,,,,2.0414,0.4438,1.0683,1.2229,,,,,0.05,5.0,1000.0,,7042,OK,4,4,18.92,54.0,120.0,0.0,1528.35,66.0,1528.35,101393.23,0.773212,132.0,1681.185,405.467322,0.664983,1529.774402,0.0,0.0,33.75,28.75,0.0,0.0,37.5,0.0,0.0
instance_n=20_10_c07,instance_n=20_10,Otto,20,c07,7,,,,,,,2.0414,0.4438,1.0683,1.2229,,,,,0.05,5.0,1000.0,,7042,OK,4,4,41.76,54.0,120.0,0.0,1501.55,66.0,1501.55,99999.09,0.776192,132.0,1651.705,407.359629,0.687562,1502.999801,0.0,0.0,35.0,30.0,0.0,0.0,35.0,0.0,0.0
instance_n=20_77_c07,instance_n=20_77,Otto,20,c07,7,,,,,,,2.0414,0.4438,1.0683,1.2229,,,,,0.05,5.0,1000.0,,7042,OK,3,3,43.12,63.0,120.0,0.0,533.1,57.0,533.1,23778.09,0.587661,132.0,586.41,136.774279,0.457743,536.138611,0.0,0.0,45.0,10.0,0.0,0.0,45.0,0.0,0.0
instance_n=20_97_c07,instance_n=20_97,Otto,20,c07,7,,,,,,,2.0414,0.4438,1.0683,1.2229,,,,,0.05,5.0,1000.0,,7042,OK,5,4,1176.38,108.0,240.0,0.0,1554.54,132.0,1554.54,185031.2715,0.693627,264.0,1709.994,370.356915,0.755535,1560.134165,13.4397,67.1986,47.0,4.0,0.0,0.0,49.0,0.0,0.0
instance_n=20_87_c07,instance_n=20_87,Otto,20,c07,7,,,,,,,2.0414,0.4438,1.0683,1.2229,,,,,0.05,5.0,1000.0,,7042,OK,4,4,29.17,54.0,120.0,0.0,1512.25,66.0,1512.25,100740.55,0.776414,132.0,1663.475,410.073905,0.684978,1513.689553,0.0,0.0,35.0,30.0,0.0,0.0,35.0,0.0,0.0
instance_n=20_69_c07,instance_n=20_69,Otto,20,c07,7,,,,,,,2.0414,0.4438,1.0683,1.2229,,,,,0.05,5.0,1000.0,,7042,OK,2,2,1.99,45.0,80.0,0.0,145.65,35.0,145.65,1791.495,0.260042,88.0,160.215,0.0,0.0,149.79627,0.0,0.0,50.0,0.0,0.0,0.0,50.0,0.0,0.0
instance_n=20_74_c07,instance_n=20_74,Otto,20,c07,7,,,,,,,2.0414,0.4438,1.0683,1.2229,,,,,0.05,5.0,1000.0,,7042,OK,4,4,9.83,54.0,120.0,0.0,1508.7,66.0,1508.7,100748.86,0.778305,132.0,1659.57,414.205633,0.695733,1510.142937,0.0,0.0,35.0,31.25,0.0,0.0,33.75,0.0,0.0
instance_n=20_68_c07,instance_n=20_68,Otto,20,c07,7,,,,,,,2.0414,0.4438,1.0683,1.2229,,,,,0.05,5.0,1000.0,,7042,OK,3,3,11.45,63.0,120.0,0.0,520.4,57.0,520.4,23146.06,0.586001,132.0,572.44,131.173981,0.450241,523.51233,0.0,0.0,43.33,8.33,0.0,0.0,48.33,0.0,0.0
instance_n=20_73_c07,instance_n=20_73,Otto,20,c07,7,,,,,,,2.0414,0.4438,1.0683,1.2229,,,,,0.05,5.0,1000.0,,7042,OK,3,3,4.37,36.0,80.0,0.0,1028.2,44.0,1028.2,44466.74,0.756069,88.0,1131.02,410.611511,0.710091,1029.14102,0.0,0.0,33.33,33.33,0.0,0.0,33.33,0.0,0.0
instance_n=20_99_c07,instance_n=20_99,Otto,20,c07,7,,,,,,,2.0414,0.4438,1.0683,1.2229,,,,,0.05,5.0,1000.0,,7042,OK,5,3,2140.77,108.0,240.0,0.0,1490.6399999999999,132.0,1490.64,176331.394,0.68935,264.0,1639.704,349.771073,0.734919,1496.473057,24.5669,62.2253,46.0,4.0,0.0,0.0,50.0,0.0,0.0
instance_n=20_88_c07,instance_n=20_88,Otto,20,c07,7,,,,,,,2.0414,0.4438,1.0683,1.2229,,,,,0.05,5.0,1000.0,,7042,OK,4,4,13.42,54.0,120.0,0.0,1471.15,66.0,1471.15,98588.87,0.781059,132.0,1618.265,413.575215,0.722164,1472.62973,0.0,0.0,35.0,30.0,0.0,0.0,35.0,0.0,0.0
instance_n=20_91_c07,instance_n=20_91,Otto,20,c07,7,,,,,,,2.1571,0.3772,1.0761,1.1891,,,,,0.05,5.0,1982.4,,7042,OK,5,5,372.08,90.0,200.0,0.0,560.9399999999999,110.0,560.94,33377.92,0.416109,220.0,617.034,125.09125,0.648649,571.623726,0.0,0.0,44.0,1.0,0.0,0.0,55.0,0.0,0.0
instance_n=20_82_c07,instance_n=20_82,Otto,20,c07,7,,,,,,,2.1571,0.3772,1.0761,1.1891,,,,,0.05,5.0,1000.0,,7042,OK,4,4,76.27,63.0,160.0,0.0,559.5,97.0,559.5,47787.85,0.687142,176.0,615.45,170.310923,0.759253,567.84615,0.0,0.0,47.5,3.75,0.0,0.0,48.75,0.0,0.0
instance_n=20_63_c08,instance_n=20_63,Otto,20,c08,8,,,,,,,2.3614,0.5973,0.9424,1.2626,,,,,0.05,5.0,1000.0,,8042,OK,4,3,2228.77,63.0,120.0,0.0,2803.1575000000003,57.0,2803.16,147758.16675,0.694484,132.0,3083.4733,432.366845,0.348515,2803.736965,7.7323,30.9293,25.0,38.75,0.0,0.0,36.25,0.0,0.0
instance_n=20_1_c08,instance_n=20_1,Otto,20,c08,8,,,,,,,2.3614,0.5973,0.9424,1.2626,,,,,0.05,5.0,1000.0,,8042,OK,4,3,376.41,63.0,120.0,0.0,1751.1999999999998,57.0,1751.2,93195.18,0.701158,132.0,1926.32,280.383346,0.34592,1752.127404,6.5731,26.2923,25.0,38.75,0.0,0.0,36.25,0.0,0.0
instance_n=20_10_c08,instance_n=20_10,Otto,20,c08,8,,,,,,,2.3614,0.5973,0.9424,1.2626,,,,,0.05,5.0,1000.0,,8042,OK,4,2,1552.62,54.0,120.0,0.0,1751.1949999999997,66.0,1751.19,113922.2685,0.758205,132.0,1926.3145,417.775911,0.551745,1752.438281,25.9287,58.4955,38.75,35.0,0.0,0.0,26.25,0.0,0.0
instance_n=20_77_c08,instance_n=20_77,Otto,20,c08,8,,,,,,,2.3614,0.5973,0.9424,1.2626,,,,,0.05,5.0,1000.0,,8042,OK,4,2,1494.86,72.0,120.0,0.0,1816.6499999999999,48.0,1816.65,86585.55,0.722155,132.0,1998.315,281.601237,0.352829,1817.284024,4.3525,11.3466,25.0,35.0,0.0,0.0,40.0,0.0,0.0
instance_n=20_97_c08,instance_n=20_97,Otto,20,c08,8,,,,,,,2.3614,0.5973,0.9424,1.2626,,,,,0.05,5.0,1000.0,,8042,OK,4,2,3138.25,117.0,200.0,0.0,2374.5000000000005,83.0,2374.5,185766.85,0.690504,220.0,2611.95,500.766108,0.515855,2375.950178,24.3063,55.8233,41.25,7.5,0.0,0.0,51.25,0.0,0.0
instance_n=20_87_c08,instance_n=20_87,Otto,20,c08,8,,,,,,,2.3614,0.5973,0.9424,1.2626,,,,,0.05,5.0,1000.0,,8042,OK,4,3,1308.11,63.0,120.0,0.0,1734.1499999999999,57.0,1734.15,92360.835,0.701713,132.0,1907.565,278.970926,0.351247,1735.086517,3.034,12.1359,25.0,35.0,0.0,0.0,40.0,0.0,0.0
instance_n=20_69_c08,instance_n=20_69,Otto,20,c08,8,,,,,,,2.3614,0.5973,0.9424,1.2626,,,,,0.05,5.0,1000.0,,8042,OK,3,3,6.37,45.0,80.0,0.0,1205.6499999999999,35.0,1205.65,37071.195,0.650061,88.0,1326.215,281.891269,0.417958,1206.157918,0.0,0.0,33.33,40.0,0.0,0.0,26.67,0.0,0.0
instance_n=20_74_c08,instance_n=20_74,Otto,20,c08,8,,,,,,,2.3614,0.5973,0.9424,1.2626,,,,,0.05,5.0,1000.0,,8042,OK,5,5,112.66,63.0,120.0,0.0,1699.8999999999999,57.0,1699.9,90857.31,0.704198,132.0,1869.89,370.113818,0.67114,1700.855376,0.0,0.0,27.0,29.0,0.0,0.0,44.0,0.0,0.0
instance_n=20_68_c08,instance_n=20_68,Otto,20,c08,8,,,,,,,2.3614,0.5973,0.9424,1.2626,,,,,0.05,5.0,1000.0,,8042,OK,3,2,1027.56,72.0,120.0,0.0,897.6500000000001,48.0,897.65,34543.2,0.583058,132.0,987.415,182.471553,0.363249,898.932435,8.5499,25.6496,33.33,16.67,0.0,0.0,50.0,0.0,0.0
instance_n=20_73_c08,instance_n=20_73,Otto,20,c08,8,,,,,,,2.3614,0.5973,0.9424,1.2626,,,,,0.05,5.0,1000.0,,8042,OK,3,3,23.73,45.0,80.0,0.0,1172.3500000000001,35.0,1172.35,36232.605,0.653403,88.0,1289.585,282.064474,0.430017,1172.872339,0.0,0.0,33.33,40.0,0.0,0.0,26.67,0.0,0.0
instance_n=20_99_c08,instance_n=20_99,Otto,20,c08,8,,,,,,,2.3614,0.5973,0.9424,1.2626,,,,,0.05,5.0,1000.0,,8042,OK,4,1,5179.1,117.0,200.0,0.0,2283.1625000000004,83.0,2283.16,171395.63375,0.662572,220.0,2511.4788,450.137369,0.453668,2284.670655,36.7891,58.8462,46.25,8.75,0.0,0.0,45.0,0.0,0.0
instance_n=20_88_c08,instance_n=20_88,Otto,20,c08,8,,,,,,,2.3614,0.5973,0.9424,1.2626,,,,,0.05,5.0,1000.0,,8042,OK,5,3,2356.32,63.0,120.0,0.0,1668.5000000000002,57.0,1668.5,90046.35,0.711047,132.0,1835.35,364.401829,0.678615,1669.473345,4.1163,10.3186,27.0,29.0,0.0,0.0,35.0,7.0,2.0
instance_n=20_91_c08,instance_n=20_91,Otto,20,c08,8,,,,,,,2.1185,0.6368,0.9064,1.3656,,,,,0.05,5.0,2143.05,,8042,OK,6,3,1009.98,99.0,200.0,0.0,5261.4775,101.0,5261.48,544885.94025,0.778072,220.0,5787.6253,592.131811,0.444601,5262.446815,18.4583,41.7583,28.33,33.33,0.0,0.0,38.33,0.0,0.0
instance_n=20_82_c08,instance_n=20_82,Otto,20,c08,8,,,,,,,2.1185,0.6368,0.9064,1.3656,,,,,0.05,5.0,1407.0,,8042,OK,4,3,488.53,54.0,120.0,0.0,1970.4500000000003,66.0,1970.45,124376.56,0.735675,132.0,2167.495,408.009876,0.45544,1971.555021,2.6246,10.4982,36.25,35.0,0.0,0.0,28.75,0.0,0.0
instance_n=20_63_c09,instance_n=20_63,Otto,20,c09,9,,,,,,,2.0961,0.8926,0.9936,1.0926,,,,,0.05,5.0,1000.0,,9042,OK,6,1,6193.25,81.0,160.0,0.0,2633.2,79.0,2633.2,164130.25,0.59647,176.0,2896.52,263.232399,0.36493,2634.384793,69.7773,93.217,24.17,46.67,0.0,0.0,0.0,20.83,8.33
instance_n=20_1_c09,instance_n=20_1,Otto,20,c09,9,,,,,,,2.0961,0.8926,0.9936,1.0926,,,,,0.05,5.0,1000.0,,9042,OK,6,1,4623.76,63.0,120.0,0.0,1668.4500000000003,57.0,1668.45,73581.955,0.581054,132.0,1835.295,250.255353,0.669705,1669.423374,54.9315,91.4293,32.5,46.67,0.0,0.0,0.0,14.17,6.67
instance_n=20_10_c09,instance_n=20_10,Otto,20,c09,9,,,,,,,2.0961,0.8926,0.9936,1.0926,,,,,0.05,5.0,1000.0,,9042,OK,6,2,4746.43,54.0,120.0,0.0,1562.85,66.0,1562.85,70310.33,0.524342,132.0,1719.135,240.908772,0.676332,1564.242987,53.789,91.6093,33.33,43.33,0.0,0.0,0.0,17.5,5.83
instance_n=20_77_c09,instance_n=20_77,Otto,20,c09,9,,,,,,,2.0961,0.8926,0.9936,1.0926,,,,,0.05,5.0,1000.0,,9042,OK,4,1,3622.25,63.0,120.0,0.0,1668.5000000000002,57.0,1668.5,67904.4,0.536204,132.0,1835.35,82.330148,0.15112,1669.473345,54.3335,91.9365,25.0,43.75,0.0,0.0,0.0,22.5,8.75
instance_n=20_97_c09,instance_n=20_97,Otto,20,c09,9,,,,,,,2.0961,0.8926,0.9936,1.0926,,,,,0.05,5.0,1000.0,,9042,OK,7,2,7887.53,162.0,280.0,0.0,4924.280000000001,118.0,4924.28,565518.638,0.715087,308.0,5416.708,706.52436,0.602461,4925.693608,63.4139,95.2086,39.29,28.57,0.0,0.0,0.0,23.57,8.57
instance_n=20_87_c09,instance_n=20_87,Otto,20,c09,9,,,,,,,2.0961,0.8926,0.9936,1.0926,,,,,0.05,5.0,1000.0,,9042,OK,4,1,3022.65,63.0,120.0,0.0,1640.5,57.0,1640.5,70531.75,0.566457,132.0,1804.55,70.721677,0.09544,1641.489948,60.293,88.5529,50.0,50.0,0.0,0.0,0.0,0.0,0.0
instance_n=20_69_c09,instance_n=20_69,Otto,20,c09,9,,,,,,,2.0961,0.8926,0.9936,1.0926,,,,,0.05,5.0,1000.0,,9042,OK,3,2,307.98,45.0,80.0,0.0,1129.85,35.0,1129.85,24401.455,0.456598,88.0,1242.835,61.747611,0.093711,1130.391977,10.274,30.8221,33.33,45.0,0.0,0.0,0.0,13.33,8.33
instance_n=20_74_c09,instance_n=20_74,Otto,20,c09,9,,,,,,,2.0961,0.8926,0.9936,1.0926,,,,,0.05,5.0,1000.0,,9042,OK,4,2,4893.61,63.0,120.0,0.0,1603.8000000000002,57.0,1603.8,73283.92,0.602028,132.0,1764.18,127.133934,0.190885,1604.812587,8.4056,20.2523,41.25,46.25,0.0,0.0,0.0,7.5,5.0
instance_n=20_68_c09,instance_n=20_68,Otto,20,c09,9,,,,,,,2.0961,0.8926,0.9936,1.0926,,,,,0.05,5.0,1000.0,,9042,OK,5,2,3779.77,63.0,120.0,0.0,1647.9499999999998,57.0,1647.95,68469.705,0.54741,132.0,1812.745,277.242557,0.430856,1648.935476,43.4843,82.6748,33.0,39.0,0.0,0.0,0.0,19.0,9.0
instance_n=20_73_c09,instance_n=20_73,Otto,20,c09,9,,,,,,,2.0961,0.8926,0.9936,1.0926,,,,,0.05,5.0,1000.0,,9042,OK,4,1,2525.51,45.0,80.0,0.0,1117.8500000000001,35.0,1117.85,27448.405,0.519126,88.0,1229.635,320.083786,0.640521,1118.397793,45.7309,77.6987,37.5,48.75,0.0,0.0,0.0,7.5,6.25
instance_n=20_99_c09,instance_n=20_99,Otto,20,c09,9,,,,,,,2.0961,0.8926,0.9936,1.0926,,,,,0.05,5.0,1000.0,,9042,OK,5,1,6735.18,206.0,240.0,0.0,1906.545,34.0,1906.55,81049.9385,0.666323,264.0,2097.1995,312.456749,0.825251,1906.848142,69.9981,92.9122,54.0,13.0,0.0,0.0,0.0,24.0,9.0
instance_n=20_88_c09,instance_n=20_88,Otto,20,c09,9,,,,,,,2.0961,0.8926,0.9936,1.0926,,,,,0.05,5.0,1000.0,,9042,OK,4,2,3366.77,54.0,120.0,0.0,1523.65,66.0,1523.65,74630.47,0.570878,132.0,1676.015,134.704965,0.194382,1525.078792,27.7371,82.9655,33.75,42.5,0.0,0.0,0.0,13.75,10.0
instance_n=20_91_c09,instance_n=20_91,Otto,20,c09,9,,,,,,,2.1304,0.8895,1.0029,1.0461,,,,,0.05,5.0,1618.0500000000002,,9042,OK,5,1,2712.14,184.0,240.0,0.0,3546.58,56.0,3546.58,235656.295,0.755069,264.0,3901.238,266.2322,0.224432,3547.022089,69.7795,95.6982,31.0,21.0,0.0,0.0,0.0,34.0,14.0
instance_n=20_82_c09,instance_n=20_82,Otto,20,c09,9,,,,,,,2.1304,0.8895,1.0029,1.0461,,,,,0.05,5.0,1000.0,,9042,OK,5,1,1517.44,72.0,160.0,0.0,1987.4000000000003,88.0,1987.4,147000.56,0.646558,176.0,2186.14,220.953883,0.313517,1989.34732,63.8259,91.044,25.0,35.0,0.0,0.0,0.0,29.0,11.0
