source,instance_name,n_tasks,n_arcs,order_strength,T
Scholl,Scholl_ARC111,111,176,0.028829,6000.0
Scholl,Scholl_ARC83,83,113,0.033206,6000.0
Scholl,Scholl_BUXEY,29,36,0.08867,60.0
Scholl,Scholl_GUNTHER,35,45,0.07563,60.0
Scholl,Scholl_HAHN,53,82,0.059507,10000.0
Scholl,Scholl_JAESCHKE,9,11,0.305556,30.0
Scholl,Scholl_KILBRID,45,62,0.062626,600.0
Scholl,Scholl_LUTZ2,89,118,0.030133,600.0
Scholl,Scholl_MANSOOR,11,11,0.2,600.0
Scholl,Scholl_MERTENS,7,6,0.285714,60.0
Scholl,Scholl_MITCHELL,21,27,0.128571,60.0
Scholl,Scholl_MUKHERJE,94,181,0.041409,600.0
Scholl,Scholl_SAWYER30,30,32,0.073563,200.0
Scholl,Scholl_WEE-MAG,75,87,0.031351,600.0
Otto,instance_n=20_1,20,16,0.084211,1000.0
Otto,instance_n=20_10,20,17,0.089474,1000.0
Otto,instance_n=20_63,20,15,0.078947,1000.0
Otto,instance_n=20_68,20,25,0.131579,1000.0
Otto,instance_n=20_69,20,23,0.121053,1000.0
Otto,instance_n=20_73,20,25,0.131579,1000.0
Otto,instance_n=20_74,20,24,0.126316,1000.0
Otto,instance_n=20_77,20,20,0.105263,1000.0
Otto,instance_n=20_82,20,30,0.157895,1000.0
Otto,instance_n=20_87,20,22,0.115789,1000.0
Otto,instance_n=20_88,20,28,0.147368,1000.0
Otto,instance_n=20_91,20,29,0.152632,1000.0
Otto,instance_n=20_97,20,21,0.110526,1000.0
Otto,instance_n=20_99,20,27,0.142105,1000.0
