variant_name,base_instance,source_file,variant_file,original_T,variant_T,action
Scholl_BOWMAN8_T20,Scholl_BOWMAN8,CAL-instances/txt/Scholl_BOWMAN8.txt,CAL-instances/txt/Scholl_BOWMAN8_T20.txt,20,20,created
Scholl_JACKSON_T07,Scholl_JACKSON,CAL-instances/txt/Scholl_JACKSON.txt,CAL-instances/txt/Scholl_JACKSON_T07.txt,11,7,created
Scholl_JACKSON_T09,Scholl_JACKSON,CAL-instances/txt/Scholl_JACKSON.txt,CAL-instances/txt/Scholl_JACKSON_T09.txt,11,9,created
Scholl_JACKSON_T10,Scholl_JACKSON,CAL-instances/txt/Scholl_JACKSON.txt,CAL-instances/txt/Scholl_JACKSON_T10.txt,11,10,created
Scholl_JACKSON_T13,Scholl_JACKSON,CAL-instances/txt/Scholl_JACKSON.txt,CAL-instances/txt/Scholl_JACKSON_T13.txt,11,13,created
Scholl_JACKSON_T14,Scholl_JACKSON,CAL-instances/txt/Scholl_JACKSON.txt,CAL-instances/txt/Scholl_JACKSON_T14.txt,11,14,created
Scholl_JACKSON_T21,Scholl_JACKSON,CAL-instances/txt/Scholl_JACKSON.txt,CAL-instances/txt/Scholl_JACKSON_T21.txt,11,21,created
Scholl_JAESCHKE_T06,Scholl_JAESCHKE,CAL-instances/txt/Scholl_JAESCHKE.txt,CAL-instances/txt/Scholl_JAESCHKE_T06.txt,8,6,created
Scholl_JAESCHKE_T07,Scholl_JAESCHKE,CAL-instances/txt/Scholl_JAESCHKE.txt,CAL-instances/txt/Scholl_JAESCHKE_T07.txt,8,7,created
Scholl_JAESCHKE_T08,Scholl_JAESCHKE,CAL-instances/txt/Scholl_JAESCHKE.txt,CAL-instances/txt/Scholl_JAESCHKE_T08.txt,8,8,created
Scholl_JAESCHKE_T10,Scholl_JAESCHKE,CAL-instances/txt/Scholl_JAESCHKE.txt,CAL-instances/txt/Scholl_JAESCHKE_T10.txt,8,10,created
Scholl_JAESCHKE_T18,Scholl_JAESCHKE,CAL-instances/txt/Scholl_JAESCHKE.txt,CAL-instances/txt/Scholl_JAESCHKE_T18.txt,8,18,created
Scholl_MANSOOR_T48,Scholl_MANSOOR,CAL-instances/txt/Scholl_MANSOOR.txt,CAL-instances/txt/Scholl_MANSOOR_T48.txt,62,48,created
Scholl_MANSOOR_T62,Scholl_MANSOOR,CAL-instances/txt/Scholl_MANSOOR.txt,CAL-instances/txt/Scholl_MANSOOR_T62.txt,62,62,created
Scholl_MANSOOR_T94,Scholl_MANSOOR,CAL-instances/txt/Scholl_MANSOOR.txt,CAL-instances/txt/Scholl_MANSOOR_T94.txt,62,94,created
Scholl_MERTENS_T06,Scholl_MERTENS,CAL-instances/txt/Scholl_MERTENS.txt,CAL-instances/txt/Scholl_MERTENS_T06.txt,9,6,created
Scholl_MERTENS_T07,Scholl_MERTENS,CAL-instances/txt/Scholl_MERTENS.txt,CAL-instances/txt/Scholl_MERTENS_T07.txt,9,7,created
Scholl_MERTENS_T08,Scholl_MERTENS,CAL-instances/txt/Scholl_MERTENS.txt,CAL-instances/txt/Scholl_MERTENS_T08.txt,9,8,created
Scholl_MERTENS_T10,Scholl_MERTENS,CAL-instances/txt/Scholl_MERTENS.txt,CAL-instances/txt/Scholl_MERTENS_T10.txt,9,10,created
Scholl_MERTENS_T15,Scholl_MERTENS,CAL-instances/txt/Scholl_MERTENS.txt,CAL-instances/txt/Scholl_MERTENS_T15.txt,9,15,created
Scholl_MERTENS_T18,Scholl_MERTENS,CAL-instances/txt/Scholl_MERTENS.txt,CAL-instances/txt/Scholl_MERTENS_T18.txt,9,18,created
Otto_instance_n=20_455_T1000,Otto_instance_n=20_455,SALBP-data-sets/converted_instances_small_updated/Otto_instance_n=20_455.txt,SALBP-data-sets/converted_instances_small_updated/Otto_instance_n=20_455_T1000.txt,1000,1000,created
