task,mode,time,T,excess,ratio_to_T
8,CI,18,16.0,2.0,1.125
8,SEC,19,16.0,3.0,1.1875
8,SIC,19,16.0,3.0,1.1875
9,CI,19,16.0,3.0,1.1875
9,SEC,20,16.0,4.0,1.25
9,SIC,21,16.0,5.0,1.3125
10,CI,22,16.0,6.0,1.375
10,SEC,21,16.0,5.0,1.3125
10,SIC,23,16.0,7.0,1.4375
18,CI,20,16.0,4.0,1.25
18,SEC,21,16.0,5.0,1.3125
18,SIC,22,16.0,6.0,1.375
19,CI,19,16.0,3.0,1.1875
19,SEC,19,16.0,3.0,1.1875
19,SIC,20,16.0,4.0,1.25
20,CI,22,16.0,6.0,1.375
20,SEC,22,16.0,6.0,1.375
20,SIC,25,16.0,9.0,1.5625
27,CI,17,16.0,1.0,1.0625
27,SEC,17,16.0,1.0,1.0625
27,SIC,19,16.0,3.0,1.1875
28,SIC,18,16.0,2.0,1.125
29,CI,17,16.0,1.0,1.0625
29,SEC,18,16.0,2.0,1.125
29,SIC,18,16.0,2.0,1.125
30,CI,19,16.0,3.0,1.1875
30,SEC,20,16.0,4.0,1.25
30,SIC,21,16.0,5.0,1.3125
38,CI,19,16.0,3.0,1.1875
38,SEC,20,16.0,4.0,1.25
38,SIC,21,16.0,5.0,1.3125
39,CI,21,16.0,5.0,1.3125
39,SEC,23,16.0,7.0,1.4375
39,SIC,22,16.0,6.0,1.375
40,CI,25,16.0,9.0,1.5625
40,SEC,24,16.0,8.0,1.5
40,SIC,27,16.0,11.0,1.6875
48,CI,19,16.0,3.0,1.1875
48,SEC,19,16.0,3.0,1.1875
48,SIC,20,16.0,4.0,1.25
49,CI,19,16.0,3.0,1.1875
49,SEC,20,16.0,4.0,1.25
49,SIC,21,16.0,5.0,1.3125
50,CI,24,16.0,8.0,1.5
50,SEC,25,16.0,9.0,1.5625
50,SIC,26,16.0,10.0,1.625
56,SIC,17,16.0,1.0,1.0625
57,SIC,18,16.0,2.0,1.125
58,CI,18,16.0,2.0,1.125
58,SEC,18,16.0,2.0,1.125
58,SIC,19,16.0,3.0,1.1875
59,CI,20,16.0,4.0,1.25
59,SEC,20,16.0,4.0,1.25
59,SIC,22,16.0,6.0,1.375
60,CI,20,16.0,4.0,1.25
60,SEC,20,16.0,4.0,1.25
60,SIC,21,16.0,5.0,1.3125
68,CI,17,16.0,1.0,1.0625
68,SEC,18,16.0,2.0,1.125
68,SIC,18,16.0,2.0,1.125
69,CI,20,16.0,4.0,1.25
69,SEC,21,16.0,5.0,1.3125
69,SIC,22,16.0,6.0,1.375
70,CI,21,16.0,5.0,1.3125
70,SEC,22,16.0,6.0,1.375
70,SIC,22,16.0,6.0,1.375
77,SEC,17,16.0,1.0,1.0625
77,SIC,17,16.0,1.0,1.0625
79,CI,18,16.0,2.0,1.125
79,SEC,19,16.0,3.0,1.1875
79,SIC,20,16.0,4.0,1.25
80,CI,25,16.0,9.0,1.5625
80,SEC,26,16.0,10.0,1.625
80,SIC,28,16.0,12.0,1.75
86,SIC,17,16.0,1.0,1.0625
87,CI,18,16.0,2.0,1.125
87,SEC,18,16.0,2.0,1.125
87,SIC,20,16.0,4.0,1.25
88,CI,20,16.0,4.0,1.25
88,SEC,21,16.0,5.0,1.3125
88,SIC,21,16.0,5.0,1.3125
89,CI,18,16.0,2.0,1.125
89,SEC,18,16.0,2.0,1.125
89,SIC,19,16.0,3.0,1.1875
