point_idx,cost,energy,stations,workers,cobots,certified,lb,ub,mip_gap_pct,n_nodes,cpu_s,energy_tasks,energy_idle,cobot_util,HI,CI,SEH,SEC,SU,SIH,SIC
0,440.0,0.0,11,11,0,True,440.0,440.0,0.0,75,0.16,0.0,0.0,,20,0,0,0,0,0,0
1,405.0,90.5,10,10,1,False,69.160678091,90.5,23.5794,38622,1024.83,68.0,22.5,0.55,18,0,0,0,0,1,1
2,370.0,202.0,9,9,2,False,53.181518376,202.0,73.6725,36718,1146.85,166.0,36.0,0.64,14,0,0,0,0,4,2
3,335.0,391.35,8,8,3,False,79.989487546,391.35,79.5606,32764,464.71,371.0,20.35,0.8643,10,0,0,0,3,4,3
4,308.0,694.8499999999999,9,7,4,False,11.716054545,694.85,98.3139,7523,1018.71,659.0,35.85,0.8207,10,4,0,0,3,2,1
5,281.0,957.9499999999999,10,6,5,False,45.367913985,957.95,95.2641,5973,1020.66,908.0,49.95,0.8002,10,7,0,0,0,2,1
6,243.0,977.2999999999998,7,5,7,False,93.733021553,977.3,90.409,33821,300.87,912.0,65.3,0.8134,0,2,0,0,7,6,5
7,216.0,1310.8500000000001,8,4,8,False,162.94984621,1310.85,87.5691,28739,300.37,1229.0,81.85,0.7954,0,6,0,0,3,6,5
8,215.0,1337.55,9,4,7,False,173.42463209,1337.55,87.0342,31644,300.98,1279.0,58.55,0.8327,4,9,0,0,0,4,3
9,180.0,1533.7,8,3,8,False,321.46590909,1533.7,79.0398,37757,300.3,1489.0,44.7,0.8882,0,9,0,0,3,4,4
10,153.0,1799.9,9,2,9,False,526.39065603,1799.9,70.7544,34341,300.32,1738.0,61.9,0.8624,0,12,0,0,0,4,4
11,126.0,2171.4500000000007,10,1,10,False,907.93085028,2171.45,58.1878,40213,300.31,2099.0,72.45,0.8551,0,16,0,0,0,2,2
12,99.0,2543.55,11,0,11,True,2543.55,2543.55,0.0,97772,191.63,2460.0,83.55,0.8481,0,20,0,0,0,0,0
