instance_name,base_instance,config_name,config_id,subscenario,alpha_ci,beta_su,gamma_setup,sigma_si,R_e,C_c,seed
Scholl_MERTENS_c01,Scholl_MERTENS,c01,1,cobot_favorable,0.9394,0.3558,0.9076,1.0747,0.05,5.0,1042
Scholl_JAESCHKE_c01,Scholl_JAESCHKE,c01,1,cobot_favorable,0.9394,0.3558,0.9076,1.0747,0.05,5.0,1042
Scholl_MANSOOR_c01,Scholl_MANSOOR,c01,1,cobot_favorable,0.9394,0.3558,0.9076,1.0747,0.05,5.0,1042
Scholl_MITCHELL_c01,Scholl_MITCHELL,c01,1,cobot_favorable,0.9394,0.3558,0.9076,1.0747,0.05,5.0,1042
Scholl_BUXEY_c01,Scholl_BUXEY,c01,1,cobot_favorable,0.9394,0.3558,0.9076,1.0747,0.05,5.0,1042
Scholl_SAWYER30_c01,Scholl_SAWYER30,c01,1,cobot_favorable,0.9394,0.3558,0.9076,1.0747,0.05,5.0,1042
Scholl_GUNTHER_c01,Scholl_GUNTHER,c01,1,cobot_favorable,0.9394,0.3558,0.9076,1.0747,0.05,5.0,1042
Scholl_KILBRID_c01,Scholl_KILBRID,c01,1,cobot_favorable,0.9394,0.3558,0.9076,1.0747,0.05,5.0,1042
Scholl_HAHN_c01,Scholl_HAHN,c01,1,cobot_favorable,0.9394,0.3558,0.9076,1.0747,0.05,5.0,1042
Scholl_WEE-MAG_c01,Scholl_WEE-MAG,c01,1,cobot_favorable,0.9394,0.3558,0.9076,1.0747,0.05,5.0,1042
Scholl_ARC83_c01,Scholl_ARC83,c01,1,cobot_favorable,0.9394,0.3558,0.9076,1.0747,0.05,5.0,1042
Scholl_LUTZ2_c01,Scholl_LUTZ2,c01,1,cobot_favorable,0.9394,0.3558,0.9076,1.0747,0.05,5.0,1042
Scholl_MUKHERJE_c01,Scholl_MUKHERJE,c01,1,cobot_favorable,0.9394,0.3558,0.9076,1.0747,0.05,5.0,1042
Scholl_ARC111_c01,Scholl_ARC111,c01,1,cobot_favorable,0.9394,0.3558,0.9076,1.0747,0.05,5.0,1042
Scholl_MERTENS_c02,Scholl_MERTENS,c02,2,normal_equilibre,0.9834,0.344,1.0293,1.1083,0.05,5.0,2042
Scholl_JAESCHKE_c02,Scholl_JAESCHKE,c02,2,normal_equilibre,0.9834,0.344,1.0293,1.1083,0.05,5.0,2042
Scholl_MANSOOR_c02,Scholl_MANSOOR,c02,2,normal_equilibre,0.9834,0.344,1.0293,1.1083,0.05,5.0,2042
Scholl_MITCHELL_c02,Scholl_MITCHELL,c02,2,normal_equilibre,0.9834,0.344,1.0293,1.1083,0.05,5.0,2042
Scholl_BUXEY_c02,Scholl_BUXEY,c02,2,normal_equilibre,0.9834,0.344,1.0293,1.1083,0.05,5.0,2042
Scholl_SAWYER30_c02,Scholl_SAWYER30,c02,2,normal_equilibre,0.9834,0.344,1.0293,1.1083,0.05,5.0,2042
Scholl_GUNTHER_c02,Scholl_GUNTHER,c02,2,normal_equilibre,0.9834,0.344,1.0293,1.1083,0.05,5.0,2042
Scholl_KILBRID_c02,Scholl_KILBRID,c02,2,normal_equilibre,0.9834,0.344,1.0293,1.1083,0.05,5.0,2042
Scholl_HAHN_c02,Scholl_HAHN,c02,2,normal_equilibre,0.9834,0.344,1.0293,1.1083,0.05,5.0,2042
Scholl_WEE-MAG_c02,Scholl_WEE-MAG,c02,2,normal_equilibre,0.9834,0.344,1.0293,1.1083,0.05,5.0,2042
Scholl_ARC83_c02,Scholl_ARC83,c02,2,normal_equilibre,0.9834,0.344,1.0293,1.1083,0.05,5.0,2042
Scholl_LUTZ2_c02,Scholl_LUTZ2,c02,2,normal_equilibre,0.9834,0.344,1.0293,1.1083,0.05,5.0,2042
Scholl_MUKHERJE_c02,Scholl_MUKHERJE,c02,2,normal_equilibre,0.9834,0.344,1.0293,1.1083,0.05,5.0,2042
Scholl_ARC111_c02,Scholl_ARC111,c02,2,normal_equilibre,0.9834,0.344,1.0293,1.1083,0.05,5.0,2042
Scholl_MERTENS_c03,Scholl_MERTENS,c03,3,normal_equilibre,0.8528,0.4373,1.0988,1.4043,0.05,5.0,3042
Scholl_JAESCHKE_c03,Scholl_JAESCHKE,c03,3,normal_equilibre,0.8528,0.4373,1.0988,1.4043,0.05,5.0,3042
Scholl_MANSOOR_c03,Scholl_MANSOOR,c03,3,normal_equilibre,0.8528,0.4373,1.0988,1.4043,0.05,5.0,3042
Scholl_MITCHELL_c03,Scholl_MITCHELL,c03,3,normal_equilibre,0.8528,0.4373,1.0988,1.4043,0.05,5.0,3042
Scholl_BUXEY_c03,Scholl_BUXEY,c03,3,normal_equilibre,0.8528,0.4373,1.0988,1.4043,0.05,5.0,3042
Scholl_SAWYER30_c03,Scholl_SAWYER30,c03,3,normal_equilibre,0.8528,0.4373,1.0988,1.4043,0.05,5.0,3042
Scholl_GUNTHER_c03,Scholl_GUNTHER,c03,3,normal_equilibre,0.8528,0.4373,1.0988,1.4043,0.05,5.0,3042
Scholl_KILBRID_c03,Scholl_KILBRID,c03,3,normal_equilibre,0.8528,0.4373,1.0988,1.4043,0.05,5.0,3042
Scholl_HAHN_c03,Scholl_HAHN,c03,3,normal_equilibre,0.8528,0.4373,1.0988,1.4043,0.05,5.0,3042
Scholl_WEE-MAG_c03,Scholl_WEE-MAG,c03,3,normal_equilibre,0.8528,0.4373,1.0988,1.4043,0.05,5.0,3042
Scholl_ARC83_c03,Scholl_ARC83,c03,3,normal_equilibre,0.8528,0.4373,1.0988,1.4043,0.05,5.0,3042
Scholl_LUTZ2_c03,Scholl_LUTZ2,c03,3,normal_equilibre,0.8528,0.4373,1.0988,1.4043,0.05,5.0,3042
Scholl_MUKHERJE_c03,Scholl_MUKHERJE,c03,3,normal_equilibre,0.8528,0.4373,1.0988,1.4043,0.05,5.0,3042
Scholl_ARC111_c03,Scholl_ARC111,c03,3,normal_equilibre,0.8528,0.4373,1.0988,1.4043,0.05,5.0,3042
Scholl_MERTENS_c04,Scholl_MERTENS,c04,4,normal_equilibre,0.8744,0.6218,0.8695,1.0674,0.05,5.0,4042
Scholl_JAESCHKE_c04,Scholl_JAESCHKE,c04,4,normal_equilibre,0.8744,0.6218,0.8695,1.0674,0.05,5.0,4042
Scholl_MANSOOR_c04,Scholl_MANSOOR,c04,4,normal_equilibre,0.8744,0.6218,0.8695,1.0674,0.05,5.0,4042
Scholl_MITCHELL_c04,Scholl_MITCHELL,c04,4,normal_equilibre,0.8744,0.6218,0.8695,1.0674,0.05,5.0,4042
Scholl_BUXEY_c04,Scholl_BUXEY,c04,4,normal_equilibre,0.8744,0.6218,0.8695,1.0674,0.05,5.0,4042
Scholl_SAWYER30_c04,Scholl_SAWYER30,c04,4,normal_equilibre,0.8744,0.6218,0.8695,1.0674,0.05,5.0,4042
Scholl_GUNTHER_c04,Scholl_GUNTHER,c04,4,normal_equilibre,0.8744,0.6218,0.8695,1.0674,0.05,5.0,4042
Scholl_KILBRID_c04,Scholl_KILBRID,c04,4,normal_equilibre,0.8744,0.6218,0.8695,1.0674,0.05,5.0,4042
Scholl_HAHN_c04,Scholl_HAHN,c04,4,normal_equilibre,0.8744,0.6218,0.8695,1.0674,0.05,5.0,4042
Scholl_WEE-MAG_c04,Scholl_WEE-MAG,c04,4,normal_equilibre,0.8744,0.6218,0.8695,1.0674,0.05,5.0,4042
Scholl_ARC83_c04,Scholl_ARC83,c04,4,normal_equilibre,0.8744,0.6218,0.8695,1.0674,0.05,5.0,4042
Scholl_LUTZ2_c04,Scholl_LUTZ2,c04,4,normal_equilibre,0.8744,0.6218,0.8695,1.0674,0.05,5.0,4042
Scholl_MUKHERJE_c04,Scholl_MUKHERJE,c04,4,normal_equilibre,0.8744,0.6218,0.8695,1.0674,0.05,5.0,4042
Scholl_ARC111_c04,Scholl_ARC111,c04,4,normal_equilibre,0.8744,0.6218,0.8695,1.0674,0.05,5.0,4042
Scholl_MERTENS_c05,Scholl_MERTENS,c05,5,normal_equilibre,0.9108,0.6475,1.0222,1.2157,0.05,5.0,5042
Scholl_JAESCHKE_c05,Scholl_JAESCHKE,c05,5,normal_equilibre,0.9108,0.6475,1.0222,1.2157,0.05,5.0,5042
Scholl_MANSOOR_c05,Scholl_MANSOOR,c05,5,normal_equilibre,0.9108,0.6475,1.0222,1.2157,0.05,5.0,5042
Scholl_MITCHELL_c05,Scholl_MITCHELL,c05,5,normal_equilibre,0.9108,0.6475,1.0222,1.2157,0.05,5.0,5042
Scholl_BUXEY_c05,Scholl_BUXEY,c05,5,normal_equilibre,0.9108,0.6475,1.0222,1.2157,0.05,5.0,5042
Scholl_SAWYER30_c05,Scholl_SAWYER30,c05,5,normal_equilibre,0.9108,0.6475,1.0222,1.2157,0.05,5.0,5042
Scholl_GUNTHER_c05,Scholl_GUNTHER,c05,5,normal_equilibre,0.9108,0.6475,1.0222,1.2157,0.05,5.0,5042
Scholl_KILBRID_c05,Scholl_KILBRID,c05,5,normal_equilibre,0.9108,0.6475,1.0222,1.2157,0.05,5.0,5042
Scholl_HAHN_c05,Scholl_HAHN,c05,5,normal_equilibre,0.9108,0.6475,1.0222,1.2157,0.05,5.0,5042
Scholl_WEE-MAG_c05,Scholl_WEE-MAG,c05,5,normal_equilibre,0.9108,0.6475,1.0222,1.2157,0.05,5.0,5042
Scholl_ARC83_c05,Scholl_ARC83,c05,5,normal_equilibre,0.9108,0.6475,1.0222,1.2157,0.05,5.0,5042
Scholl_LUTZ2_c05,Scholl_LUTZ2,c05,5,normal_equilibre,0.9108,0.6475,1.0222,1.2157,0.05,5.0,5042
Scholl_MUKHERJE_c05,Scholl_MUKHERJE,c05,5,normal_equilibre,0.9108,0.6475,1.0222,1.2157,0.05,5.0,5042
Scholl_ARC111_c05,Scholl_ARC111,c05,5,normal_equilibre,0.9108,0.6475,1.0222,1.2157,0.05,5.0,5042
Scholl_MERTENS_c06,Scholl_MERTENS,c06,6,normal_equilibre,0.8927,0.683,1.0787,1.3674,0.05,5.0,6042
Scholl_JAESCHKE_c06,Scholl_JAESCHKE,c06,6,normal_equilibre,0.8927,0.683,1.0787,1.3674,0.05,5.0,6042
Scholl_MANSOOR_c06,Scholl_MANSOOR,c06,6,normal_equilibre,0.8927,0.683,1.0787,1.3674,0.05,5.0,6042
Scholl_MITCHELL_c06,Scholl_MITCHELL,c06,6,normal_equilibre,0.8927,0.683,1.0787,1.3674,0.05,5.0,6042
Scholl_BUXEY_c06,Scholl_BUXEY,c06,6,normal_equilibre,0.8927,0.683,1.0787,1.3674,0.05,5.0,6042
Scholl_SAWYER30_c06,Scholl_SAWYER30,c06,6,normal_equilibre,0.8927,0.683,1.0787,1.3674,0.05,5.0,6042
Scholl_GUNTHER_c06,Scholl_GUNTHER,c06,6,normal_equilibre,0.8927,0.683,1.0787,1.3674,0.05,5.0,6042
Scholl_KILBRID_c06,Scholl_KILBRID,c06,6,normal_equilibre,0.8927,0.683,1.0787,1.3674,0.05,5.0,6042
Scholl_HAHN_c06,Scholl_HAHN,c06,6,normal_equilibre,0.8927,0.683,1.0787,1.3674,0.05,5.0,6042
Scholl_WEE-MAG_c06,Scholl_WEE-MAG,c06,6,normal_equilibre,0.8927,0.683,1.0787,1.3674,0.05,5.0,6042
Scholl_ARC83_c06,Scholl_ARC83,c06,6,normal_equilibre,0.8927,0.683,1.0787,1.3674,0.05,5.0,6042
Scholl_LUTZ2_c06,Scholl_LUTZ2,c06,6,normal_equilibre,0.8927,0.683,1.0787,1.3674,0.05,5.0,6042
Scholl_MUKHERJE_c06,Scholl_MUKHERJE,c06,6,normal_equilibre,0.8927,0.683,1.0787,1.3674,0.05,5.0,6042
Scholl_ARC111_c06,Scholl_ARC111,c06,6,normal_equilibre,0.8927,0.683,1.0787,1.3674,0.05,5.0,6042
Scholl_MERTENS_c07,Scholl_MERTENS,c07,7,normal_equilibre,0.9362,0.9438,0.8866,1.2229,0.05,5.0,7042
Scholl_JAESCHKE_c07,Scholl_JAESCHKE,c07,7,normal_equilibre,0.9362,0.9438,0.8866,1.2229,0.05,5.0,7042
Scholl_MANSOOR_c07,Scholl_MANSOOR,c07,7,normal_equilibre,0.9362,0.9438,0.8866,1.2229,0.05,5.0,7042
Scholl_MITCHELL_c07,Scholl_MITCHELL,c07,7,normal_equilibre,0.9362,0.9438,0.8866,1.2229,0.05,5.0,7042
Scholl_BUXEY_c07,Scholl_BUXEY,c07,7,normal_equilibre,0.9362,0.9438,0.8866,1.2229,0.05,5.0,7042
Scholl_SAWYER30_c07,Scholl_SAWYER30,c07,7,normal_equilibre,0.9362,0.9438,0.8866,1.2229,0.05,5.0,7042
Scholl_GUNTHER_c07,Scholl_GUNTHER,c07,7,normal_equilibre,0.9362,0.9438,0.8866,1.2229,0.05,5.0,7042
Scholl_KILBRID_c07,Scholl_KILBRID,c07,7,normal_equilibre,0.9362,0.9438,0.8866,1.2229,0.05,5.0,7042
Scholl_HAHN_c07,Scholl_HAHN,c07,7,normal_equilibre,0.9362,0.9438,0.8866,1.2229,0.05,5.0,7042
Scholl_WEE-MAG_c07,Scholl_WEE-MAG,c07,7,normal_equilibre,0.9362,0.9438,0.8866,1.2229,0.05,5.0,7042
Scholl_ARC83_c07,Scholl_ARC83,c07,7,normal_equilibre,0.9362,0.9438,0.8866,1.2229,0.05,5.0,7042
Scholl_LUTZ2_c07,Scholl_LUTZ2,c07,7,normal_equilibre,0.9362,0.9438,0.8866,1.2229,0.05,5.0,7042
Scholl_MUKHERJE_c07,Scholl_MUKHERJE,c07,7,normal_equilibre,0.9362,0.9438,0.8866,1.2229,0.05,5.0,7042
Scholl_ARC111_c07,Scholl_ARC111,c07,7,normal_equilibre,0.9362,0.9438,0.8866,1.2229,0.05,5.0,7042
Scholl_MERTENS_c08,Scholl_MERTENS,c08,8,normal_equilibre,1.0505,0.8473,1.0424,1.2626,0.05,5.0,8042
Scholl_JAESCHKE_c08,Scholl_JAESCHKE,c08,8,normal_equilibre,1.0505,0.8473,1.0424,1.2626,0.05,5.0,8042
Scholl_MANSOOR_c08,Scholl_MANSOOR,c08,8,normal_equilibre,1.0505,0.8473,1.0424,1.2626,0.05,5.0,8042
Scholl_MITCHELL_c08,Scholl_MITCHELL,c08,8,normal_equilibre,1.0505,0.8473,1.0424,1.2626,0.05,5.0,8042
Scholl_BUXEY_c08,Scholl_BUXEY,c08,8,normal_equilibre,1.0505,0.8473,1.0424,1.2626,0.05,5.0,8042
Scholl_SAWYER30_c08,Scholl_SAWYER30,c08,8,normal_equilibre,1.0505,0.8473,1.0424,1.2626,0.05,5.0,8042
Scholl_GUNTHER_c08,Scholl_GUNTHER,c08,8,normal_equilibre,1.0505,0.8473,1.0424,1.2626,0.05,5.0,8042
Scholl_KILBRID_c08,Scholl_KILBRID,c08,8,normal_equilibre,1.0505,0.8473,1.0424,1.2626,0.05,5.0,8042
Scholl_HAHN_c08,Scholl_HAHN,c08,8,normal_equilibre,1.0505,0.8473,1.0424,1.2626,0.05,5.0,8042
Scholl_WEE-MAG_c08,Scholl_WEE-MAG,c08,8,normal_equilibre,1.0505,0.8473,1.0424,1.2626,0.05,5.0,8042
Scholl_ARC83_c08,Scholl_ARC83,c08,8,normal_equilibre,1.0505,0.8473,1.0424,1.2626,0.05,5.0,8042
Scholl_LUTZ2_c08,Scholl_LUTZ2,c08,8,normal_equilibre,1.0505,0.8473,1.0424,1.2626,0.05,5.0,8042
Scholl_MUKHERJE_c08,Scholl_MUKHERJE,c08,8,normal_equilibre,1.0505,0.8473,1.0424,1.2626,0.05,5.0,8042
Scholl_ARC111_c08,Scholl_ARC111,c08,8,normal_equilibre,1.0505,0.8473,1.0424,1.2626,0.05,5.0,8042
Scholl_MERTENS_c09,Scholl_MERTENS,c09,9,se_favorable,0.9557,0.8926,1.0718,1.0926,0.05,5.0,9042
Scholl_JAESCHKE_c09,Scholl_JAESCHKE,c09,9,se_favorable,0.9557,0.8926,1.0718,1.0926,0.05,5.0,9042
Scholl_MANSOOR_c09,Scholl_MANSOOR,c09,9,se_favorable,0.9557,0.8926,1.0718,1.0926,0.05,5.0,9042
Scholl_MITCHELL_c09,Scholl_MITCHELL,c09,9,se_favorable,0.9557,0.8926,1.0718,1.0926,0.05,5.0,9042
Scholl_BUXEY_c09,Scholl_BUXEY,c09,9,se_favorable,0.9557,0.8926,1.0718,1.0926,0.05,5.0,9042
Scholl_SAWYER30_c09,Scholl_SAWYER30,c09,9,se_favorable,0.9557,0.8926,1.0718,1.0926,0.05,5.0,9042
Scholl_GUNTHER_c09,Scholl_GUNTHER,c09,9,se_favorable,0.9557,0.8926,1.0718,1.0926,0.05,5.0,9042
Scholl_KILBRID_c09,Scholl_KILBRID,c09,9,se_favorable,0.9557,0.8926,1.0718,1.0926,0.05,5.0,9042
Scholl_HAHN_c09,Scholl_HAHN,c09,9,se_favorable,0.9557,0.8926,1.0718,1.0926,0.05,5.0,9042
Scholl_WEE-MAG_c09,Scholl_WEE-MAG,c09,9,se_favorable,0.9557,0.8926,1.0718,1.0926,0.05,5.0,9042
Scholl_ARC83_c09,Scholl_ARC83,c09,9,se_favorable,0.9557,0.8926,1.0718,1.0926,0.05,5.0,9042
Scholl_LUTZ2_c09,Scholl_LUTZ2,c09,9,se_favorable,0.9557,0.8926,1.0718,1.0926,0.05,5.0,9042
Scholl_MUKHERJE_c09,Scholl_MUKHERJE,c09,9,se_favorable,0.9557,0.8926,1.0718,1.0926,0.05,5.0,9042
Scholl_ARC111_c09,Scholl_ARC111,c09,9,se_favorable,0.9557,0.8926,1.0718,1.0926,0.05,5.0,9042
Scholl_MERTENS_c10,Scholl_MERTENS,c10,10,normal_equilibre,1.4658,0.372,0.94,1.3116,0.05,5.0,10042
Scholl_JAESCHKE_c10,Scholl_JAESCHKE,c10,10,normal_equilibre,1.4658,0.372,0.94,1.3116,0.05,5.0,10042
Scholl_MANSOOR_c10,Scholl_MANSOOR,c10,10,normal_equilibre,1.4658,0.372,0.94,1.3116,0.05,5.0,10042
Scholl_MITCHELL_c10,Scholl_MITCHELL,c10,10,normal_equilibre,1.4658,0.372,0.94,1.3116,0.05,5.0,10042
Scholl_BUXEY_c10,Scholl_BUXEY,c10,10,normal_equilibre,1.4658,0.372,0.94,1.3116,0.05,5.0,10042
Scholl_SAWYER30_c10,Scholl_SAWYER30,c10,10,normal_equilibre,1.4658,0.372,0.94,1.3116,0.05,5.0,10042
Scholl_GUNTHER_c10,Scholl_GUNTHER,c10,10,normal_equilibre,1.4658,0.372,0.94,1.3116,0.05,5.0,10042
Scholl_KILBRID_c10,Scholl_KILBRID,c10,10,normal_equilibre,1.4658,0.372,0.94,1.3116,0.05,5.0,10042
Scholl_HAHN_c10,Scholl_HAHN,c10,10,normal_equilibre,1.4658,0.372,0.94,1.3116,0.05,5.0,10042
Scholl_WEE-MAG_c10,Scholl_WEE-MAG,c10,10,normal_equilibre,1.4658,0.372,0.94,1.3116,0.05,5.0,10042
Scholl_ARC83_c10,Scholl_ARC83,c10,10,normal_equilibre,1.4658,0.372,0.94,1.3116,0.05,5.0,10042
Scholl_LUTZ2_c10,Scholl_LUTZ2,c10,10,normal_equilibre,1.4658,0.372,0.94,1.3116,0.05,5.0,10042
Scholl_MUKHERJE_c10,Scholl_MUKHERJE,c10,10,normal_equilibre,1.4658,0.372,0.94,1.3116,0.05,5.0,10042
Scholl_ARC111_c10,Scholl_ARC111,c10,10,normal_equilibre,1.4658,0.372,0.94,1.3116,0.05,5.0,10042
Scholl_MERTENS_c11,Scholl_MERTENS,c11,11,normal_equilibre,1.2026,0.3344,1.0209,1.0523,0.05,5.0,11042
Scholl_JAESCHKE_c11,Scholl_JAESCHKE,c11,11,normal_equilibre,1.2026,0.3344,1.0209,1.0523,0.05,5.0,11042
Scholl_MANSOOR_c11,Scholl_MANSOOR,c11,11,normal_equilibre,1.2026,0.3344,1.0209,1.0523,0.05,5.0,11042
Scholl_MITCHELL_c11,Scholl_MITCHELL,c11,11,normal_equilibre,1.2026,0.3344,1.0209,1.0523,0.05,5.0,11042
Scholl_BUXEY_c11,Scholl_BUXEY,c11,11,normal_equilibre,1.2026,0.3344,1.0209,1.0523,0.05,5.0,11042
Scholl_SAWYER30_c11,Scholl_SAWYER30,c11,11,normal_equilibre,1.2026,0.3344,1.0209,1.0523,0.05,5.0,11042
Scholl_GUNTHER_c11,Scholl_GUNTHER,c11,11,normal_equilibre,1.2026,0.3344,1.0209,1.0523,0.05,5.0,11042
Scholl_KILBRID_c11,Scholl_KILBRID,c11,11,normal_equilibre,1.2026,0.3344,1.0209,1.0523,0.05,5.0,11042
Scholl_HAHN_c11,Scholl_HAHN,c11,11,normal_equilibre,1.2026,0.3344,1.0209,1.0523,0.05,5.0,11042
Scholl_WEE-MAG_c11,Scholl_WEE-MAG,c11,11,normal_equilibre,1.2026,0.3344,1.0209,1.0523,0.05,5.0,11042
Scholl_ARC83_c11,Scholl_ARC83,c11,11,normal_equilibre,1.2026,0.3344,1.0209,1.0523,0.05,5.0,11042
Scholl_LUTZ2_c11,Scholl_LUTZ2,c11,11,normal_equilibre,1.2026,0.3344,1.0209,1.0523,0.05,5.0,11042
Scholl_MUKHERJE_c11,Scholl_MUKHERJE,c11,11,normal_equilibre,1.2026,0.3344,1.0209,1.0523,0.05,5.0,11042
Scholl_ARC111_c11,Scholl_ARC111,c11,11,normal_equilibre,1.2026,0.3344,1.0209,1.0523,0.05,5.0,11042
Scholl_MERTENS_c12,Scholl_MERTENS,c12,12,normal_equilibre,1.5761,0.4488,1.0659,1.182,0.05,5.0,12042
Scholl_JAESCHKE_c12,Scholl_JAESCHKE,c12,12,normal_equilibre,1.5761,0.4488,1.0659,1.182,0.05,5.0,12042
Scholl_MANSOOR_c12,Scholl_MANSOOR,c12,12,normal_equilibre,1.5761,0.4488,1.0659,1.182,0.05,5.0,12042
Scholl_MITCHELL_c12,Scholl_MITCHELL,c12,12,normal_equilibre,1.5761,0.4488,1.0659,1.182,0.05,5.0,12042
Scholl_BUXEY_c12,Scholl_BUXEY,c12,12,normal_equilibre,1.5761,0.4488,1.0659,1.182,0.05,5.0,12042
Scholl_SAWYER30_c12,Scholl_SAWYER30,c12,12,normal_equilibre,1.5761,0.4488,1.0659,1.182,0.05,5.0,12042
Scholl_GUNTHER_c12,Scholl_GUNTHER,c12,12,normal_equilibre,1.5761,0.4488,1.0659,1.182,0.05,5.0,12042
Scholl_KILBRID_c12,Scholl_KILBRID,c12,12,normal_equilibre,1.5761,0.4488,1.0659,1.182,0.05,5.0,12042
Scholl_HAHN_c12,Scholl_HAHN,c12,12,normal_equilibre,1.5761,0.4488,1.0659,1.182,0.05,5.0,12042
Scholl_WEE-MAG_c12,Scholl_WEE-MAG,c12,12,normal_equilibre,1.5761,0.4488,1.0659,1.182,0.05,5.0,12042
Scholl_ARC83_c12,Scholl_ARC83,c12,12,normal_equilibre,1.5761,0.4488,1.0659,1.182,0.05,5.0,12042
Scholl_LUTZ2_c12,Scholl_LUTZ2,c12,12,normal_equilibre,1.5761,0.4488,1.0659,1.182,0.05,5.0,12042
Scholl_MUKHERJE_c12,Scholl_MUKHERJE,c12,12,normal_equilibre,1.5761,0.4488,1.0659,1.182,0.05,5.0,12042
Scholl_ARC111_c12,Scholl_ARC111,c12,12,normal_equilibre,1.5761,0.4488,1.0659,1.182,0.05,5.0,12042
Scholl_MERTENS_c13,Scholl_MERTENS,c13,13,normal_equilibre,1.4311,0.6597,0.8632,1.243,0.05,5.0,13042
Scholl_JAESCHKE_c13,Scholl_JAESCHKE,c13,13,normal_equilibre,1.4311,0.6597,0.8632,1.243,0.05,5.0,13042
Scholl_MANSOOR_c13,Scholl_MANSOOR,c13,13,normal_equilibre,1.4311,0.6597,0.8632,1.243,0.05,5.0,13042
Scholl_MITCHELL_c13,Scholl_MITCHELL,c13,13,normal_equilibre,1.4311,0.6597,0.8632,1.243,0.05,5.0,13042
Scholl_BUXEY_c13,Scholl_BUXEY,c13,13,normal_equilibre,1.4311,0.6597,0.8632,1.243,0.05,5.0,13042
Scholl_SAWYER30_c13,Scholl_SAWYER30,c13,13,normal_equilibre,1.4311,0.6597,0.8632,1.243,0.05,5.0,13042
Scholl_GUNTHER_c13,Scholl_GUNTHER,c13,13,normal_equilibre,1.4311,0.6597,0.8632,1.243,0.05,5.0,13042
Scholl_KILBRID_c13,Scholl_KILBRID,c13,13,normal_equilibre,1.4311,0.6597,0.8632,1.243,0.05,5.0,13042
Scholl_HAHN_c13,Scholl_HAHN,c13,13,normal_equilibre,1.4311,0.6597,0.8632,1.243,0.05,5.0,13042
Scholl_WEE-MAG_c13,Scholl_WEE-MAG,c13,13,normal_equilibre,1.4311,0.6597,0.8632,1.243,0.05,5.0,13042
Scholl_ARC83_c13,Scholl_ARC83,c13,13,normal_equilibre,1.4311,0.6597,0.8632,1.243,0.05,5.0,13042
Scholl_LUTZ2_c13,Scholl_LUTZ2,c13,13,normal_equilibre,1.4311,0.6597,0.8632,1.243,0.05,5.0,13042
Scholl_MUKHERJE_c13,Scholl_MUKHERJE,c13,13,normal_equilibre,1.4311,0.6597,0.8632,1.243,0.05,5.0,13042
Scholl_ARC111_c13,Scholl_ARC111,c13,13,normal_equilibre,1.4311,0.6597,0.8632,1.243,0.05,5.0,13042
Scholl_MERTENS_c14,Scholl_MERTENS,c14,14,normal_equilibre,1.2405,0.6548,0.9522,1.2525,0.05,5.0,14042
Scholl_JAESCHKE_c14,Scholl_JAESCHKE,c14,14,normal_equilibre,1.2405,0.6548,0.9522,1.2525,0.05,5.0,14042
Scholl_MANSOOR_c14,Scholl_MANSOOR,c14,14,normal_equilibre,1.2405,0.6548,0.9522,1.2525,0.05,5.0,14042
Scholl_MITCHELL_c14,Scholl_MITCHELL,c14,14,normal_equilibre,1.2405,0.6548,0.9522,1.2525,0.05,5.0,14042
Scholl_BUXEY_c14,Scholl_BUXEY,c14,14,normal_equilibre,1.2405,0.6548,0.9522,1.2525,0.05,5.0,14042
Scholl_SAWYER30_c14,Scholl_SAWYER30,c14,14,normal_equilibre,1.2405,0.6548,0.9522,1.2525,0.05,5.0,14042
Scholl_GUNTHER_c14,Scholl_GUNTHER,c14,14,normal_equilibre,1.2405,0.6548,0.9522,1.2525,0.05,5.0,14042
Scholl_KILBRID_c14,Scholl_KILBRID,c14,14,normal_equilibre,1.2405,0.6548,0.9522,1.2525,0.05,5.0,14042
Scholl_HAHN_c14,Scholl_HAHN,c14,14,normal_equilibre,1.2405,0.6548,0.9522,1.2525,0.05,5.0,14042
Scholl_WEE-MAG_c14,Scholl_WEE-MAG,c14,14,normal_equilibre,1.2405,0.6548,0.9522,1.2525,0.05,5.0,14042
Scholl_ARC83_c14,Scholl_ARC83,c14,14,normal_equilibre,1.2405,0.6548,0.9522,1.2525,0.05,5.0,14042
Scholl_LUTZ2_c14,Scholl_LUTZ2,c14,14,normal_equilibre,1.2405,0.6548,0.9522,1.2525,0.05,5.0,14042
Scholl_MUKHERJE_c14,Scholl_MUKHERJE,c14,14,normal_equilibre,1.2405,0.6548,0.9522,1.2525,0.05,5.0,14042
Scholl_ARC111_c14,Scholl_ARC111,c14,14,normal_equilibre,1.2405,0.6548,0.9522,1.2525,0.05,5.0,14042
Scholl_MERTENS_c15,Scholl_MERTENS,c15,15,se_favorable,1.5531,0.6119,1.0949,1.0084,0.05,5.0,15042
Scholl_JAESCHKE_c15,Scholl_JAESCHKE,c15,15,se_favorable,1.5531,0.6119,1.0949,1.0084,0.05,5.0,15042
Scholl_MANSOOR_c15,Scholl_MANSOOR,c15,15,se_favorable,1.5531,0.6119,1.0949,1.0084,0.05,5.0,15042
Scholl_MITCHELL_c15,Scholl_MITCHELL,c15,15,se_favorable,1.5531,0.6119,1.0949,1.0084,0.05,5.0,15042
Scholl_BUXEY_c15,Scholl_BUXEY,c15,15,se_favorable,1.5531,0.6119,1.0949,1.0084,0.05,5.0,15042
Scholl_SAWYER30_c15,Scholl_SAWYER30,c15,15,se_favorable,1.5531,0.6119,1.0949,1.0084,0.05,5.0,15042
Scholl_GUNTHER_c15,Scholl_GUNTHER,c15,15,se_favorable,1.5531,0.6119,1.0949,1.0084,0.05,5.0,15042
Scholl_KILBRID_c15,Scholl_KILBRID,c15,15,se_favorable,1.5531,0.6119,1.0949,1.0084,0.05,5.0,15042
Scholl_HAHN_c15,Scholl_HAHN,c15,15,se_favorable,1.5531,0.6119,1.0949,1.0084,0.05,5.0,15042
Scholl_WEE-MAG_c15,Scholl_WEE-MAG,c15,15,se_favorable,1.5531,0.6119,1.0949,1.0084,0.05,5.0,15042
Scholl_ARC83_c15,Scholl_ARC83,c15,15,se_favorable,1.5531,0.6119,1.0949,1.0084,0.05,5.0,15042
Scholl_LUTZ2_c15,Scholl_LUTZ2,c15,15,se_favorable,1.5531,0.6119,1.0949,1.0084,0.05,5.0,15042
Scholl_MUKHERJE_c15,Scholl_MUKHERJE,c15,15,se_favorable,1.5531,0.6119,1.0949,1.0084,0.05,5.0,15042
Scholl_ARC111_c15,Scholl_ARC111,c15,15,se_favorable,1.5531,0.6119,1.0949,1.0084,0.05,5.0,15042
Scholl_MERTENS_c16,Scholl_MERTENS,c16,16,normal_equilibre,1.5188,0.8639,0.915,1.3413,0.05,5.0,16042
Scholl_JAESCHKE_c16,Scholl_JAESCHKE,c16,16,normal_equilibre,1.5188,0.8639,0.915,1.3413,0.05,5.0,16042
Scholl_MANSOOR_c16,Scholl_MANSOOR,c16,16,normal_equilibre,1.5188,0.8639,0.915,1.3413,0.05,5.0,16042
Scholl_MITCHELL_c16,Scholl_MITCHELL,c16,16,normal_equilibre,1.5188,0.8639,0.915,1.3413,0.05,5.0,16042
Scholl_BUXEY_c16,Scholl_BUXEY,c16,16,normal_equilibre,1.5188,0.8639,0.915,1.3413,0.05,5.0,16042
Scholl_SAWYER30_c16,Scholl_SAWYER30,c16,16,normal_equilibre,1.5188,0.8639,0.915,1.3413,0.05,5.0,16042
Scholl_GUNTHER_c16,Scholl_GUNTHER,c16,16,normal_equilibre,1.5188,0.8639,0.915,1.3413,0.05,5.0,16042
Scholl_KILBRID_c16,Scholl_KILBRID,c16,16,normal_equilibre,1.5188,0.8639,0.915,1.3413,0.05,5.0,16042
Scholl_HAHN_c16,Scholl_HAHN,c16,16,normal_equilibre,1.5188,0.8639,0.915,1.3413,0.05,5.0,16042
Scholl_WEE-MAG_c16,Scholl_WEE-MAG,c16,16,normal_equilibre,1.5188,0.8639,0.915,1.3413,0.05,5.0,16042
Scholl_ARC83_c16,Scholl_ARC83,c16,16,normal_equilibre,1.5188,0.8639,0.915,1.3413,0.05,5.0,16042
Scholl_LUTZ2_c16,Scholl_LUTZ2,c16,16,normal_equilibre,1.5188,0.8639,0.915,1.3413,0.05,5.0,16042
Scholl_MUKHERJE_c16,Scholl_MUKHERJE,c16,16,normal_equilibre,1.5188,0.8639,0.915,1.3413,0.05,5.0,16042
Scholl_ARC111_c16,Scholl_ARC111,c16,16,normal_equilibre,1.5188,0.8639,0.915,1.3413,0.05,5.0,16042
Scholl_MERTENS_c17,Scholl_MERTENS,c17,17,normal_equilibre,1.5513,0.9001,1.0333,1.0345,0.05,5.0,17042
Scholl_JAESCHKE_c17,Scholl_JAESCHKE,c17,17,normal_equilibre,1.5513,0.9001,1.0333,1.0345,0.05,5.0,17042
Scholl_MANSOOR_c17,Scholl_MANSOOR,c17,17,normal_equilibre,1.5513,0.9001,1.0333,1.0345,0.05,5.0,17042
Scholl_MITCHELL_c17,Scholl_MITCHELL,c17,17,normal_equilibre,1.5513,0.9001,1.0333,1.0345,0.05,5.0,17042
Scholl_BUXEY_c17,Scholl_BUXEY,c17,17,normal_equilibre,1.5513,0.9001,1.0333,1.0345,0.05,5.0,17042
Scholl_SAWYER30_c17,Scholl_SAWYER30,c17,17,normal_equilibre,1.5513,0.9001,1.0333,1.0345,0.05,5.0,17042
Scholl_GUNTHER_c17,Scholl_GUNTHER,c17,17,normal_equilibre,1.5513,0.9001,1.0333,1.0345,0.05,5.0,17042
Scholl_KILBRID_c17,Scholl_KILBRID,c17,17,normal_equilibre,1.5513,0.9001,1.0333,1.0345,0.05,5.0,17042
Scholl_HAHN_c17,Scholl_HAHN,c17,17,normal_equilibre,1.5513,0.9001,1.0333,1.0345,0.05,5.0,17042
Scholl_WEE-MAG_c17,Scholl_WEE-MAG,c17,17,normal_equilibre,1.5513,0.9001,1.0333,1.0345,0.05,5.0,17042
Scholl_ARC83_c17,Scholl_ARC83,c17,17,normal_equilibre,1.5513,0.9001,1.0333,1.0345,0.05,5.0,17042
Scholl_LUTZ2_c17,Scholl_LUTZ2,c17,17,normal_equilibre,1.5513,0.9001,1.0333,1.0345,0.05,5.0,17042
Scholl_MUKHERJE_c17,Scholl_MUKHERJE,c17,17,normal_equilibre,1.5513,0.9001,1.0333,1.0345,0.05,5.0,17042
Scholl_ARC111_c17,Scholl_ARC111,c17,17,normal_equilibre,1.5513,0.9001,1.0333,1.0345,0.05,5.0,17042
Scholl_MERTENS_c18,Scholl_MERTENS,c18,18,normal_equilibre,1.5797,0.9217,1.0944,1.1767,0.05,5.0,18042
Scholl_JAESCHKE_c18,Scholl_JAESCHKE,c18,18,normal_equilibre,1.5797,0.9217,1.0944,1.1767,0.05,5.0,18042
Scholl_MANSOOR_c18,Scholl_MANSOOR,c18,18,normal_equilibre,1.5797,0.9217,1.0944,1.1767,0.05,5.0,18042
Scholl_MITCHELL_c18,Scholl_MITCHELL,c18,18,normal_equilibre,1.5797,0.9217,1.0944,1.1767,0.05,5.0,18042
Scholl_BUXEY_c18,Scholl_BUXEY,c18,18,normal_equilibre,1.5797,0.9217,1.0944,1.1767,0.05,5.0,18042
Scholl_SAWYER30_c18,Scholl_SAWYER30,c18,18,normal_equilibre,1.5797,0.9217,1.0944,1.1767,0.05,5.0,18042
Scholl_GUNTHER_c18,Scholl_GUNTHER,c18,18,normal_equilibre,1.5797,0.9217,1.0944,1.1767,0.05,5.0,18042
Scholl_KILBRID_c18,Scholl_KILBRID,c18,18,normal_equilibre,1.5797,0.9217,1.0944,1.1767,0.05,5.0,18042
Scholl_HAHN_c18,Scholl_HAHN,c18,18,normal_equilibre,1.5797,0.9217,1.0944,1.1767,0.05,5.0,18042
Scholl_WEE-MAG_c18,Scholl_WEE-MAG,c18,18,normal_equilibre,1.5797,0.9217,1.0944,1.1767,0.05,5.0,18042
Scholl_ARC83_c18,Scholl_ARC83,c18,18,normal_equilibre,1.5797,0.9217,1.0944,1.1767,0.05,5.0,18042
Scholl_LUTZ2_c18,Scholl_LUTZ2,c18,18,normal_equilibre,1.5797,0.9217,1.0944,1.1767,0.05,5.0,18042
Scholl_MUKHERJE_c18,Scholl_MUKHERJE,c18,18,normal_equilibre,1.5797,0.9217,1.0944,1.1767,0.05,5.0,18042
Scholl_ARC111_c18,Scholl_ARC111,c18,18,normal_equilibre,1.5797,0.9217,1.0944,1.1767,0.05,5.0,18042
Scholl_MERTENS_c19,Scholl_MERTENS,c19,19,normal_equilibre,2.3063,0.4474,0.9085,1.143,0.05,5.0,19042
Scholl_JAESCHKE_c19,Scholl_JAESCHKE,c19,19,normal_equilibre,2.3063,0.4474,0.9085,1.143,0.05,5.0,19042
Scholl_MANSOOR_c19,Scholl_MANSOOR,c19,19,normal_equilibre,2.3063,0.4474,0.9085,1.143,0.05,5.0,19042
Scholl_MITCHELL_c19,Scholl_MITCHELL,c19,19,normal_equilibre,2.3063,0.4474,0.9085,1.143,0.05,5.0,19042
Scholl_BUXEY_c19,Scholl_BUXEY,c19,19,normal_equilibre,2.3063,0.4474,0.9085,1.143,0.05,5.0,19042
Scholl_SAWYER30_c19,Scholl_SAWYER30,c19,19,normal_equilibre,2.3063,0.4474,0.9085,1.143,0.05,5.0,19042
Scholl_GUNTHER_c19,Scholl_GUNTHER,c19,19,normal_equilibre,2.3063,0.4474,0.9085,1.143,0.05,5.0,19042
Scholl_KILBRID_c19,Scholl_KILBRID,c19,19,normal_equilibre,2.3063,0.4474,0.9085,1.143,0.05,5.0,19042
Scholl_HAHN_c19,Scholl_HAHN,c19,19,normal_equilibre,2.3063,0.4474,0.9085,1.143,0.05,5.0,19042
Scholl_WEE-MAG_c19,Scholl_WEE-MAG,c19,19,normal_equilibre,2.3063,0.4474,0.9085,1.143,0.05,5.0,19042
Scholl_ARC83_c19,Scholl_ARC83,c19,19,normal_equilibre,2.3063,0.4474,0.9085,1.143,0.05,5.0,19042
Scholl_LUTZ2_c19,Scholl_LUTZ2,c19,19,normal_equilibre,2.3063,0.4474,0.9085,1.143,0.05,5.0,19042
Scholl_MUKHERJE_c19,Scholl_MUKHERJE,c19,19,normal_equilibre,2.3063,0.4474,0.9085,1.143,0.05,5.0,19042
Scholl_ARC111_c19,Scholl_ARC111,c19,19,normal_equilibre,2.3063,0.4474,0.9085,1.143,0.05,5.0,19042
Scholl_MERTENS_c20,Scholl_MERTENS,c20,20,normal_equilibre,2.3359,0.337,1.0061,1.4143,0.05,5.0,20042
Scholl_JAESCHKE_c20,Scholl_JAESCHKE,c20,20,normal_equilibre,2.3359,0.337,1.0061,1.4143,0.05,5.0,20042
Scholl_MANSOOR_c20,Scholl_MANSOOR,c20,20,normal_equilibre,2.3359,0.337,1.0061,1.4143,0.05,5.0,20042
Scholl_MITCHELL_c20,Scholl_MITCHELL,c20,20,normal_equilibre,2.3359,0.337,1.0061,1.4143,0.05,5.0,20042
Scholl_BUXEY_c20,Scholl_BUXEY,c20,20,normal_equilibre,2.3359,0.337,1.0061,1.4143,0.05,5.0,20042
Scholl_SAWYER30_c20,Scholl_SAWYER30,c20,20,normal_equilibre,2.3359,0.337,1.0061,1.4143,0.05,5.0,20042
Scholl_GUNTHER_c20,Scholl_GUNTHER,c20,20,normal_equilibre,2.3359,0.337,1.0061,1.4143,0.05,5.0,20042
Scholl_KILBRID_c20,Scholl_KILBRID,c20,20,normal_equilibre,2.3359,0.337,1.0061,1.4143,0.05,5.0,20042
Scholl_HAHN_c20,Scholl_HAHN,c20,20,normal_equilibre,2.3359,0.337,1.0061,1.4143,0.05,5.0,20042
Scholl_WEE-MAG_c20,Scholl_WEE-MAG,c20,20,normal_equilibre,2.3359,0.337,1.0061,1.4143,0.05,5.0,20042
Scholl_ARC83_c20,Scholl_ARC83,c20,20,normal_equilibre,2.3359,0.337,1.0061,1.4143,0.05,5.0,20042
Scholl_LUTZ2_c20,Scholl_LUTZ2,c20,20,normal_equilibre,2.3359,0.337,1.0061,1.4143,0.05,5.0,20042
Scholl_MUKHERJE_c20,Scholl_MUKHERJE,c20,20,normal_equilibre,2.3359,0.337,1.0061,1.4143,0.05,5.0,20042
Scholl_ARC111_c20,Scholl_ARC111,c20,20,normal_equilibre,2.3359,0.337,1.0061,1.4143,0.05,5.0,20042
Scholl_MERTENS_c21,Scholl_MERTENS,c21,21,se_favorable,2.2489,0.3436,1.0891,1.048,0.05,5.0,21042
Scholl_JAESCHKE_c21,Scholl_JAESCHKE,c21,21,se_favorable,2.2489,0.3436,1.0891,1.048,0.05,5.0,21042
Scholl_MANSOOR_c21,Scholl_MANSOOR,c21,21,se_favorable,2.2489,0.3436,1.0891,1.048,0.05,5.0,21042
Scholl_MITCHELL_c21,Scholl_MITCHELL,c21,21,se_favorable,2.2489,0.3436,1.0891,1.048,0.05,5.0,21042
Scholl_BUXEY_c21,Scholl_BUXEY,c21,21,se_favorable,2.2489,0.3436,1.0891,1.048,0.05,5.0,21042
Scholl_SAWYER30_c21,Scholl_SAWYER30,c21,21,se_favorable,2.2489,0.3436,1.0891,1.048,0.05,5.0,21042
Scholl_GUNTHER_c21,Scholl_GUNTHER,c21,21,se_favorable,2.2489,0.3436,1.0891,1.048,0.05,5.0,21042
Scholl_KILBRID_c21,Scholl_KILBRID,c21,21,se_favorable,2.2489,0.3436,1.0891,1.048,0.05,5.0,21042
Scholl_HAHN_c21,Scholl_HAHN,c21,21,se_favorable,2.2489,0.3436,1.0891,1.048,0.05,5.0,21042
Scholl_WEE-MAG_c21,Scholl_WEE-MAG,c21,21,se_favorable,2.2489,0.3436,1.0891,1.048,0.05,5.0,21042
Scholl_ARC83_c21,Scholl_ARC83,c21,21,se_favorable,2.2489,0.3436,1.0891,1.048,0.05,5.0,21042
Scholl_LUTZ2_c21,Scholl_LUTZ2,c21,21,se_favorable,2.2489,0.3436,1.0891,1.048,0.05,5.0,21042
Scholl_MUKHERJE_c21,Scholl_MUKHERJE,c21,21,se_favorable,2.2489,0.3436,1.0891,1.048,0.05,5.0,21042
Scholl_ARC111_c21,Scholl_ARC111,c21,21,se_favorable,2.2489,0.3436,1.0891,1.048,0.05,5.0,21042
Scholl_MERTENS_c22,Scholl_MERTENS,c22,22,normal_equilibre,1.8325,0.6147,0.9043,1.387,0.05,5.0,22042
Scholl_JAESCHKE_c22,Scholl_JAESCHKE,c22,22,normal_equilibre,1.8325,0.6147,0.9043,1.387,0.05,5.0,22042
Scholl_MANSOOR_c22,Scholl_MANSOOR,c22,22,normal_equilibre,1.8325,0.6147,0.9043,1.387,0.05,5.0,22042
Scholl_MITCHELL_c22,Scholl_MITCHELL,c22,22,normal_equilibre,1.8325,0.6147,0.9043,1.387,0.05,5.0,22042
Scholl_BUXEY_c22,Scholl_BUXEY,c22,22,normal_equilibre,1.8325,0.6147,0.9043,1.387,0.05,5.0,22042
Scholl_SAWYER30_c22,Scholl_SAWYER30,c22,22,normal_equilibre,1.8325,0.6147,0.9043,1.387,0.05,5.0,22042
Scholl_GUNTHER_c22,Scholl_GUNTHER,c22,22,normal_equilibre,1.8325,0.6147,0.9043,1.387,0.05,5.0,22042
Scholl_KILBRID_c22,Scholl_KILBRID,c22,22,normal_equilibre,1.8325,0.6147,0.9043,1.387,0.05,5.0,22042
Scholl_HAHN_c22,Scholl_HAHN,c22,22,normal_equilibre,1.8325,0.6147,0.9043,1.387,0.05,5.0,22042
Scholl_WEE-MAG_c22,Scholl_WEE-MAG,c22,22,normal_equilibre,1.8325,0.6147,0.9043,1.387,0.05,5.0,22042
Scholl_ARC83_c22,Scholl_ARC83,c22,22,normal_equilibre,1.8325,0.6147,0.9043,1.387,0.05,5.0,22042
Scholl_LUTZ2_c22,Scholl_LUTZ2,c22,22,normal_equilibre,1.8325,0.6147,0.9043,1.387,0.05,5.0,22042
Scholl_MUKHERJE_c22,Scholl_MUKHERJE,c22,22,normal_equilibre,1.8325,0.6147,0.9043,1.387,0.05,5.0,22042
Scholl_ARC111_c22,Scholl_ARC111,c22,22,normal_equilibre,1.8325,0.6147,0.9043,1.387,0.05,5.0,22042
Scholl_MERTENS_c23,Scholl_MERTENS,c23,23,normal_equilibre,2.4884,0.5686,1.0255,1.0486,0.05,5.0,23042
Scholl_JAESCHKE_c23,Scholl_JAESCHKE,c23,23,normal_equilibre,2.4884,0.5686,1.0255,1.0486,0.05,5.0,23042
Scholl_MANSOOR_c23,Scholl_MANSOOR,c23,23,normal_equilibre,2.4884,0.5686,1.0255,1.0486,0.05,5.0,23042
Scholl_MITCHELL_c23,Scholl_MITCHELL,c23,23,normal_equilibre,2.4884,0.5686,1.0255,1.0486,0.05,5.0,23042
Scholl_BUXEY_c23,Scholl_BUXEY,c23,23,normal_equilibre,2.4884,0.5686,1.0255,1.0486,0.05,5.0,23042
Scholl_SAWYER30_c23,Scholl_SAWYER30,c23,23,normal_equilibre,2.4884,0.5686,1.0255,1.0486,0.05,5.0,23042
Scholl_GUNTHER_c23,Scholl_GUNTHER,c23,23,normal_equilibre,2.4884,0.5686,1.0255,1.0486,0.05,5.0,23042
Scholl_KILBRID_c23,Scholl_KILBRID,c23,23,normal_equilibre,2.4884,0.5686,1.0255,1.0486,0.05,5.0,23042
Scholl_HAHN_c23,Scholl_HAHN,c23,23,normal_equilibre,2.4884,0.5686,1.0255,1.0486,0.05,5.0,23042
Scholl_WEE-MAG_c23,Scholl_WEE-MAG,c23,23,normal_equilibre,2.4884,0.5686,1.0255,1.0486,0.05,5.0,23042
Scholl_ARC83_c23,Scholl_ARC83,c23,23,normal_equilibre,2.4884,0.5686,1.0255,1.0486,0.05,5.0,23042
Scholl_LUTZ2_c23,Scholl_LUTZ2,c23,23,normal_equilibre,2.4884,0.5686,1.0255,1.0486,0.05,5.0,23042
Scholl_MUKHERJE_c23,Scholl_MUKHERJE,c23,23,normal_equilibre,2.4884,0.5686,1.0255,1.0486,0.05,5.0,23042
Scholl_ARC111_c23,Scholl_ARC111,c23,23,normal_equilibre,2.4884,0.5686,1.0255,1.0486,0.05,5.0,23042
Scholl_MERTENS_c24,Scholl_MERTENS,c24,24,normal_equilibre,2.3128,0.5714,1.0978,1.1466,0.05,5.0,24042
Scholl_JAESCHKE_c24,Scholl_JAESCHKE,c24,24,normal_equilibre,2.3128,0.5714,1.0978,1.1466,0.05,5.0,24042
Scholl_MANSOOR_c24,Scholl_MANSOOR,c24,24,normal_equilibre,2.3128,0.5714,1.0978,1.1466,0.05,5.0,24042
Scholl_MITCHELL_c24,Scholl_MITCHELL,c24,24,normal_equilibre,2.3128,0.5714,1.0978,1.1466,0.05,5.0,24042
Scholl_BUXEY_c24,Scholl_BUXEY,c24,24,normal_equilibre,2.3128,0.5714,1.0978,1.1466,0.05,5.0,24042
Scholl_SAWYER30_c24,Scholl_SAWYER30,c24,24,normal_equilibre,2.3128,0.5714,1.0978,1.1466,0.05,5.0,24042
Scholl_GUNTHER_c24,Scholl_GUNTHER,c24,24,normal_equilibre,2.3128,0.5714,1.0978,1.1466,0.05,5.0,24042
Scholl_KILBRID_c24,Scholl_KILBRID,c24,24,normal_equilibre,2.3128,0.5714,1.0978,1.1466,0.05,5.0,24042
Scholl_HAHN_c24,Scholl_HAHN,c24,24,normal_equilibre,2.3128,0.5714,1.0978,1.1466,0.05,5.0,24042
Scholl_WEE-MAG_c24,Scholl_WEE-MAG,c24,24,normal_equilibre,2.3128,0.5714,1.0978,1.1466,0.05,5.0,24042
Scholl_ARC83_c24,Scholl_ARC83,c24,24,normal_equilibre,2.3128,0.5714,1.0978,1.1466,0.05,5.0,24042
Scholl_LUTZ2_c24,Scholl_LUTZ2,c24,24,normal_equilibre,2.3128,0.5714,1.0978,1.1466,0.05,5.0,24042
Scholl_MUKHERJE_c24,Scholl_MUKHERJE,c24,24,normal_equilibre,2.3128,0.5714,1.0978,1.1466,0.05,5.0,24042
Scholl_ARC111_c24,Scholl_ARC111,c24,24,normal_equilibre,2.3128,0.5714,1.0978,1.1466,0.05,5.0,24042
Scholl_MERTENS_c25,Scholl_MERTENS,c25,25,humain_favorable,2.364,0.9198,0.8606,1.064,0.05,5.0,25042
Scholl_JAESCHKE_c25,Scholl_JAESCHKE,c25,25,humain_favorable,2.364,0.9198,0.8606,1.064,0.05,5.0,25042
Scholl_MANSOOR_c25,Scholl_MANSOOR,c25,25,humain_favorable,2.364,0.9198,0.8606,1.064,0.05,5.0,25042
Scholl_MITCHELL_c25,Scholl_MITCHELL,c25,25,humain_favorable,2.364,0.9198,0.8606,1.064,0.05,5.0,25042
Scholl_BUXEY_c25,Scholl_BUXEY,c25,25,humain_favorable,2.364,0.9198,0.8606,1.064,0.05,5.0,25042
Scholl_SAWYER30_c25,Scholl_SAWYER30,c25,25,humain_favorable,2.364,0.9198,0.8606,1.064,0.05,5.0,25042
Scholl_GUNTHER_c25,Scholl_GUNTHER,c25,25,humain_favorable,2.364,0.9198,0.8606,1.064,0.05,5.0,25042
Scholl_KILBRID_c25,Scholl_KILBRID,c25,25,humain_favorable,2.364,0.9198,0.8606,1.064,0.05,5.0,25042
Scholl_HAHN_c25,Scholl_HAHN,c25,25,humain_favorable,2.364,0.9198,0.8606,1.064,0.05,5.0,25042
Scholl_WEE-MAG_c25,Scholl_WEE-MAG,c25,25,humain_favorable,2.364,0.9198,0.8606,1.064,0.05,5.0,25042
Scholl_ARC83_c25,Scholl_ARC83,c25,25,humain_favorable,2.364,0.9198,0.8606,1.064,0.05,5.0,25042
Scholl_LUTZ2_c25,Scholl_LUTZ2,c25,25,humain_favorable,2.364,0.9198,0.8606,1.064,0.05,5.0,25042
Scholl_MUKHERJE_c25,Scholl_MUKHERJE,c25,25,humain_favorable,2.364,0.9198,0.8606,1.064,0.05,5.0,25042
Scholl_ARC111_c25,Scholl_ARC111,c25,25,humain_favorable,2.364,0.9198,0.8606,1.064,0.05,5.0,25042
Scholl_MERTENS_c26,Scholl_MERTENS,c26,26,normal_equilibre,1.8737,0.9273,0.9795,1.1083,0.05,5.0,26042
Scholl_JAESCHKE_c26,Scholl_JAESCHKE,c26,26,normal_equilibre,1.8737,0.9273,0.9795,1.1083,0.05,5.0,26042
Scholl_MANSOOR_c26,Scholl_MANSOOR,c26,26,normal_equilibre,1.8737,0.9273,0.9795,1.1083,0.05,5.0,26042
Scholl_MITCHELL_c26,Scholl_MITCHELL,c26,26,normal_equilibre,1.8737,0.9273,0.9795,1.1083,0.05,5.0,26042
Scholl_BUXEY_c26,Scholl_BUXEY,c26,26,normal_equilibre,1.8737,0.9273,0.9795,1.1083,0.05,5.0,26042
Scholl_SAWYER30_c26,Scholl_SAWYER30,c26,26,normal_equilibre,1.8737,0.9273,0.9795,1.1083,0.05,5.0,26042
Scholl_GUNTHER_c26,Scholl_GUNTHER,c26,26,normal_equilibre,1.8737,0.9273,0.9795,1.1083,0.05,5.0,26042
Scholl_KILBRID_c26,Scholl_KILBRID,c26,26,normal_equilibre,1.8737,0.9273,0.9795,1.1083,0.05,5.0,26042
Scholl_HAHN_c26,Scholl_HAHN,c26,26,normal_equilibre,1.8737,0.9273,0.9795,1.1083,0.05,5.0,26042
Scholl_WEE-MAG_c26,Scholl_WEE-MAG,c26,26,normal_equilibre,1.8737,0.9273,0.9795,1.1083,0.05,5.0,26042
Scholl_ARC83_c26,Scholl_ARC83,c26,26,normal_equilibre,1.8737,0.9273,0.9795,1.1083,0.05,5.0,26042
Scholl_LUTZ2_c26,Scholl_LUTZ2,c26,26,normal_equilibre,1.8737,0.9273,0.9795,1.1083,0.05,5.0,26042
Scholl_MUKHERJE_c26,Scholl_MUKHERJE,c26,26,normal_equilibre,1.8737,0.9273,0.9795,1.1083,0.05,5.0,26042
Scholl_ARC111_c26,Scholl_ARC111,c26,26,normal_equilibre,1.8737,0.9273,0.9795,1.1083,0.05,5.0,26042
Scholl_MERTENS_c27,Scholl_MERTENS,c27,27,normal_equilibre,2.0907,0.9336,1.057,1.2767,0.05,5.0,27042
Scholl_JAESCHKE_c27,Scholl_JAESCHKE,c27,27,normal_equilibre,2.0907,0.9336,1.057,1.2767,0.05,5.0,27042
Scholl_MANSOOR_c27,Scholl_MANSOOR,c27,27,normal_equilibre,2.0907,0.9336,1.057,1.2767,0.05,5.0,27042
Scholl_MITCHELL_c27,Scholl_MITCHELL,c27,27,normal_equilibre,2.0907,0.9336,1.057,1.2767,0.05,5.0,27042
Scholl_BUXEY_c27,Scholl_BUXEY,c27,27,normal_equilibre,2.0907,0.9336,1.057,1.2767,0.05,5.0,27042
Scholl_SAWYER30_c27,Scholl_SAWYER30,c27,27,normal_equilibre,2.0907,0.9336,1.057,1.2767,0.05,5.0,27042
Scholl_GUNTHER_c27,Scholl_GUNTHER,c27,27,normal_equilibre,2.0907,0.9336,1.057,1.2767,0.05,5.0,27042
Scholl_KILBRID_c27,Scholl_KILBRID,c27,27,normal_equilibre,2.0907,0.9336,1.057,1.2767,0.05,5.0,27042
Scholl_HAHN_c27,Scholl_HAHN,c27,27,normal_equilibre,2.0907,0.9336,1.057,1.2767,0.05,5.0,27042
Scholl_WEE-MAG_c27,Scholl_WEE-MAG,c27,27,normal_equilibre,2.0907,0.9336,1.057,1.2767,0.05,5.0,27042
Scholl_ARC83_c27,Scholl_ARC83,c27,27,normal_equilibre,2.0907,0.9336,1.057,1.2767,0.05,5.0,27042
Scholl_LUTZ2_c27,Scholl_LUTZ2,c27,27,normal_equilibre,2.0907,0.9336,1.057,1.2767,0.05,5.0,27042
Scholl_MUKHERJE_c27,Scholl_MUKHERJE,c27,27,normal_equilibre,2.0907,0.9336,1.057,1.2767,0.05,5.0,27042
Scholl_ARC111_c27,Scholl_ARC111,c27,27,normal_equilibre,2.0907,0.9336,1.057,1.2767,0.05,5.0,27042
Scholl_MERTENS_c28,Scholl_MERTENS,c28,28,normal_equilibre,1.04,0.4429,0.9269,1.2802,0.05,5.0,28042
Scholl_JAESCHKE_c28,Scholl_JAESCHKE,c28,28,normal_equilibre,1.04,0.4429,0.9269,1.2802,0.05,5.0,28042
Scholl_MANSOOR_c28,Scholl_MANSOOR,c28,28,normal_equilibre,1.04,0.4429,0.9269,1.2802,0.05,5.0,28042
Scholl_MITCHELL_c28,Scholl_MITCHELL,c28,28,normal_equilibre,1.04,0.4429,0.9269,1.2802,0.05,5.0,28042
Scholl_BUXEY_c28,Scholl_BUXEY,c28,28,normal_equilibre,1.04,0.4429,0.9269,1.2802,0.05,5.0,28042
Scholl_SAWYER30_c28,Scholl_SAWYER30,c28,28,normal_equilibre,1.04,0.4429,0.9269,1.2802,0.05,5.0,28042
Scholl_GUNTHER_c28,Scholl_GUNTHER,c28,28,normal_equilibre,1.04,0.4429,0.9269,1.2802,0.05,5.0,28042
Scholl_KILBRID_c28,Scholl_KILBRID,c28,28,normal_equilibre,1.04,0.4429,0.9269,1.2802,0.05,5.0,28042
Scholl_HAHN_c28,Scholl_HAHN,c28,28,normal_equilibre,1.04,0.4429,0.9269,1.2802,0.05,5.0,28042
Scholl_WEE-MAG_c28,Scholl_WEE-MAG,c28,28,normal_equilibre,1.04,0.4429,0.9269,1.2802,0.05,5.0,28042
Scholl_ARC83_c28,Scholl_ARC83,c28,28,normal_equilibre,1.04,0.4429,0.9269,1.2802,0.05,5.0,28042
Scholl_LUTZ2_c28,Scholl_LUTZ2,c28,28,normal_equilibre,1.04,0.4429,0.9269,1.2802,0.05,5.0,28042
Scholl_MUKHERJE_c28,Scholl_MUKHERJE,c28,28,normal_equilibre,1.04,0.4429,0.9269,1.2802,0.05,5.0,28042
Scholl_ARC111_c28,Scholl_ARC111,c28,28,normal_equilibre,1.04,0.4429,0.9269,1.2802,0.05,5.0,28042
Scholl_MERTENS_c29,Scholl_MERTENS,c29,29,normal_equilibre,0.8982,0.6384,0.9685,1.0482,0.05,5.0,29042
Scholl_JAESCHKE_c29,Scholl_JAESCHKE,c29,29,normal_equilibre,0.8982,0.6384,0.9685,1.0482,0.05,5.0,29042
Scholl_MANSOOR_c29,Scholl_MANSOOR,c29,29,normal_equilibre,0.8982,0.6384,0.9685,1.0482,0.05,5.0,29042
Scholl_MITCHELL_c29,Scholl_MITCHELL,c29,29,normal_equilibre,0.8982,0.6384,0.9685,1.0482,0.05,5.0,29042
Scholl_BUXEY_c29,Scholl_BUXEY,c29,29,normal_equilibre,0.8982,0.6384,0.9685,1.0482,0.05,5.0,29042
Scholl_SAWYER30_c29,Scholl_SAWYER30,c29,29,normal_equilibre,0.8982,0.6384,0.9685,1.0482,0.05,5.0,29042
Scholl_GUNTHER_c29,Scholl_GUNTHER,c29,29,normal_equilibre,0.8982,0.6384,0.9685,1.0482,0.05,5.0,29042
Scholl_KILBRID_c29,Scholl_KILBRID,c29,29,normal_equilibre,0.8982,0.6384,0.9685,1.0482,0.05,5.0,29042
Scholl_HAHN_c29,Scholl_HAHN,c29,29,normal_equilibre,0.8982,0.6384,0.9685,1.0482,0.05,5.0,29042
Scholl_WEE-MAG_c29,Scholl_WEE-MAG,c29,29,normal_equilibre,0.8982,0.6384,0.9685,1.0482,0.05,5.0,29042
Scholl_ARC83_c29,Scholl_ARC83,c29,29,normal_equilibre,0.8982,0.6384,0.9685,1.0482,0.05,5.0,29042
Scholl_LUTZ2_c29,Scholl_LUTZ2,c29,29,normal_equilibre,0.8982,0.6384,0.9685,1.0482,0.05,5.0,29042
Scholl_MUKHERJE_c29,Scholl_MUKHERJE,c29,29,normal_equilibre,0.8982,0.6384,0.9685,1.0482,0.05,5.0,29042
Scholl_ARC111_c29,Scholl_ARC111,c29,29,normal_equilibre,0.8982,0.6384,0.9685,1.0482,0.05,5.0,29042
Scholl_MERTENS_c30,Scholl_MERTENS,c30,30,normal_equilibre,0.9602,0.9094,1.0554,1.1192,0.05,5.0,30042
Scholl_JAESCHKE_c30,Scholl_JAESCHKE,c30,30,normal_equilibre,0.9602,0.9094,1.0554,1.1192,0.05,5.0,30042
Scholl_MANSOOR_c30,Scholl_MANSOOR,c30,30,normal_equilibre,0.9602,0.9094,1.0554,1.1192,0.05,5.0,30042
Scholl_MITCHELL_c30,Scholl_MITCHELL,c30,30,normal_equilibre,0.9602,0.9094,1.0554,1.1192,0.05,5.0,30042
Scholl_BUXEY_c30,Scholl_BUXEY,c30,30,normal_equilibre,0.9602,0.9094,1.0554,1.1192,0.05,5.0,30042
Scholl_SAWYER30_c30,Scholl_SAWYER30,c30,30,normal_equilibre,0.9602,0.9094,1.0554,1.1192,0.05,5.0,30042
Scholl_GUNTHER_c30,Scholl_GUNTHER,c30,30,normal_equilibre,0.9602,0.9094,1.0554,1.1192,0.05,5.0,30042
Scholl_KILBRID_c30,Scholl_KILBRID,c30,30,normal_equilibre,0.9602,0.9094,1.0554,1.1192,0.05,5.0,30042
Scholl_HAHN_c30,Scholl_HAHN,c30,30,normal_equilibre,0.9602,0.9094,1.0554,1.1192,0.05,5.0,30042
Scholl_WEE-MAG_c30,Scholl_WEE-MAG,c30,30,normal_equilibre,0.9602,0.9094,1.0554,1.1192,0.05,5.0,30042
Scholl_ARC83_c30,Scholl_ARC83,c30,30,normal_equilibre,0.9602,0.9094,1.0554,1.1192,0.05,5.0,30042
Scholl_LUTZ2_c30,Scholl_LUTZ2,c30,30,normal_equilibre,0.9602,0.9094,1.0554,1.1192,0.05,5.0,30042
Scholl_MUKHERJE_c30,Scholl_MUKHERJE,c30,30,normal_equilibre,0.9602,0.9094,1.0554,1.1192,0.05,5.0,30042
Scholl_ARC111_c30,Scholl_ARC111,c30,30,normal_equilibre,0.9602,0.9094,1.0554,1.1192,0.05,5.0,30042
Scholl_MERTENS_c31,Scholl_MERTENS,c31,31,se_favorable,1.3309,0.3207,1.0609,1.0614,0.05,5.0,31042
Scholl_JAESCHKE_c31,Scholl_JAESCHKE,c31,31,se_favorable,1.3309,0.3207,1.0609,1.0614,0.05,5.0,31042
Scholl_MANSOOR_c31,Scholl_MANSOOR,c31,31,se_favorable,1.3309,0.3207,1.0609,1.0614,0.05,5.0,31042
Scholl_MITCHELL_c31,Scholl_MITCHELL,c31,31,se_favorable,1.3309,0.3207,1.0609,1.0614,0.05,5.0,31042
Scholl_BUXEY_c31,Scholl_BUXEY,c31,31,se_favorable,1.3309,0.3207,1.0609,1.0614,0.05,5.0,31042
Scholl_SAWYER30_c31,Scholl_SAWYER30,c31,31,se_favorable,1.3309,0.3207,1.0609,1.0614,0.05,5.0,31042
Scholl_GUNTHER_c31,Scholl_GUNTHER,c31,31,se_favorable,1.3309,0.3207,1.0609,1.0614,0.05,5.0,31042
Scholl_KILBRID_c31,Scholl_KILBRID,c31,31,se_favorable,1.3309,0.3207,1.0609,1.0614,0.05,5.0,31042
Scholl_HAHN_c31,Scholl_HAHN,c31,31,se_favorable,1.3309,0.3207,1.0609,1.0614,0.05,5.0,31042
Scholl_WEE-MAG_c31,Scholl_WEE-MAG,c31,31,se_favorable,1.3309,0.3207,1.0609,1.0614,0.05,5.0,31042
Scholl_ARC83_c31,Scholl_ARC83,c31,31,se_favorable,1.3309,0.3207,1.0609,1.0614,0.05,5.0,31042
Scholl_LUTZ2_c31,Scholl_LUTZ2,c31,31,se_favorable,1.3309,0.3207,1.0609,1.0614,0.05,5.0,31042
Scholl_MUKHERJE_c31,Scholl_MUKHERJE,c31,31,se_favorable,1.3309,0.3207,1.0609,1.0614,0.05,5.0,31042
Scholl_ARC111_c31,Scholl_ARC111,c31,31,se_favorable,1.3309,0.3207,1.0609,1.0614,0.05,5.0,31042
Scholl_MERTENS_c32,Scholl_MERTENS,c32,32,normal_equilibre,1.3917,0.6921,0.8776,1.2018,0.05,5.0,32042
Scholl_JAESCHKE_c32,Scholl_JAESCHKE,c32,32,normal_equilibre,1.3917,0.6921,0.8776,1.2018,0.05,5.0,32042
Scholl_MANSOOR_c32,Scholl_MANSOOR,c32,32,normal_equilibre,1.3917,0.6921,0.8776,1.2018,0.05,5.0,32042
Scholl_MITCHELL_c32,Scholl_MITCHELL,c32,32,normal_equilibre,1.3917,0.6921,0.8776,1.2018,0.05,5.0,32042
Scholl_BUXEY_c32,Scholl_BUXEY,c32,32,normal_equilibre,1.3917,0.6921,0.8776,1.2018,0.05,5.0,32042
Scholl_SAWYER30_c32,Scholl_SAWYER30,c32,32,normal_equilibre,1.3917,0.6921,0.8776,1.2018,0.05,5.0,32042
Scholl_GUNTHER_c32,Scholl_GUNTHER,c32,32,normal_equilibre,1.3917,0.6921,0.8776,1.2018,0.05,5.0,32042
Scholl_KILBRID_c32,Scholl_KILBRID,c32,32,normal_equilibre,1.3917,0.6921,0.8776,1.2018,0.05,5.0,32042
Scholl_HAHN_c32,Scholl_HAHN,c32,32,normal_equilibre,1.3917,0.6921,0.8776,1.2018,0.05,5.0,32042
Scholl_WEE-MAG_c32,Scholl_WEE-MAG,c32,32,normal_equilibre,1.3917,0.6921,0.8776,1.2018,0.05,5.0,32042
Scholl_ARC83_c32,Scholl_ARC83,c32,32,normal_equilibre,1.3917,0.6921,0.8776,1.2018,0.05,5.0,32042
Scholl_LUTZ2_c32,Scholl_LUTZ2,c32,32,normal_equilibre,1.3917,0.6921,0.8776,1.2018,0.05,5.0,32042
Scholl_MUKHERJE_c32,Scholl_MUKHERJE,c32,32,normal_equilibre,1.3917,0.6921,0.8776,1.2018,0.05,5.0,32042
Scholl_ARC111_c32,Scholl_ARC111,c32,32,normal_equilibre,1.3917,0.6921,0.8776,1.2018,0.05,5.0,32042
Scholl_MERTENS_c33,Scholl_MERTENS,c33,33,normal_equilibre,1.2846,0.8523,1.0496,1.4421,0.05,5.0,33042
Scholl_JAESCHKE_c33,Scholl_JAESCHKE,c33,33,normal_equilibre,1.2846,0.8523,1.0496,1.4421,0.05,5.0,33042
Scholl_MANSOOR_c33,Scholl_MANSOOR,c33,33,normal_equilibre,1.2846,0.8523,1.0496,1.4421,0.05,5.0,33042
Scholl_MITCHELL_c33,Scholl_MITCHELL,c33,33,normal_equilibre,1.2846,0.8523,1.0496,1.4421,0.05,5.0,33042
Scholl_BUXEY_c33,Scholl_BUXEY,c33,33,normal_equilibre,1.2846,0.8523,1.0496,1.4421,0.05,5.0,33042
Scholl_SAWYER30_c33,Scholl_SAWYER30,c33,33,normal_equilibre,1.2846,0.8523,1.0496,1.4421,0.05,5.0,33042
Scholl_GUNTHER_c33,Scholl_GUNTHER,c33,33,normal_equilibre,1.2846,0.8523,1.0496,1.4421,0.05,5.0,33042
Scholl_KILBRID_c33,Scholl_KILBRID,c33,33,normal_equilibre,1.2846,0.8523,1.0496,1.4421,0.05,5.0,33042
Scholl_HAHN_c33,Scholl_HAHN,c33,33,normal_equilibre,1.2846,0.8523,1.0496,1.4421,0.05,5.0,33042
Scholl_WEE-MAG_c33,Scholl_WEE-MAG,c33,33,normal_equilibre,1.2846,0.8523,1.0496,1.4421,0.05,5.0,33042
Scholl_ARC83_c33,Scholl_ARC83,c33,33,normal_equilibre,1.2846,0.8523,1.0496,1.4421,0.05,5.0,33042
Scholl_LUTZ2_c33,Scholl_LUTZ2,c33,33,normal_equilibre,1.2846,0.8523,1.0496,1.4421,0.05,5.0,33042
Scholl_MUKHERJE_c33,Scholl_MUKHERJE,c33,33,normal_equilibre,1.2846,0.8523,1.0496,1.4421,0.05,5.0,33042
Scholl_ARC111_c33,Scholl_ARC111,c33,33,normal_equilibre,1.2846,0.8523,1.0496,1.4421,0.05,5.0,33042
Scholl_MERTENS_c34,Scholl_MERTENS,c34,34,normal_equilibre,2.3713,0.414,0.9943,1.0725,0.05,5.0,34042
Scholl_JAESCHKE_c34,Scholl_JAESCHKE,c34,34,normal_equilibre,2.3713,0.414,0.9943,1.0725,0.05,5.0,34042
Scholl_MANSOOR_c34,Scholl_MANSOOR,c34,34,normal_equilibre,2.3713,0.414,0.9943,1.0725,0.05,5.0,34042
Scholl_MITCHELL_c34,Scholl_MITCHELL,c34,34,normal_equilibre,2.3713,0.414,0.9943,1.0725,0.05,5.0,34042
Scholl_BUXEY_c34,Scholl_BUXEY,c34,34,normal_equilibre,2.3713,0.414,0.9943,1.0725,0.05,5.0,34042
Scholl_SAWYER30_c34,Scholl_SAWYER30,c34,34,normal_equilibre,2.3713,0.414,0.9943,1.0725,0.05,5.0,34042
Scholl_GUNTHER_c34,Scholl_GUNTHER,c34,34,normal_equilibre,2.3713,0.414,0.9943,1.0725,0.05,5.0,34042
Scholl_KILBRID_c34,Scholl_KILBRID,c34,34,normal_equilibre,2.3713,0.414,0.9943,1.0725,0.05,5.0,34042
Scholl_HAHN_c34,Scholl_HAHN,c34,34,normal_equilibre,2.3713,0.414,0.9943,1.0725,0.05,5.0,34042
Scholl_WEE-MAG_c34,Scholl_WEE-MAG,c34,34,normal_equilibre,2.3713,0.414,0.9943,1.0725,0.05,5.0,34042
Scholl_ARC83_c34,Scholl_ARC83,c34,34,normal_equilibre,2.3713,0.414,0.9943,1.0725,0.05,5.0,34042
Scholl_LUTZ2_c34,Scholl_LUTZ2,c34,34,normal_equilibre,2.3713,0.414,0.9943,1.0725,0.05,5.0,34042
Scholl_MUKHERJE_c34,Scholl_MUKHERJE,c34,34,normal_equilibre,2.3713,0.414,0.9943,1.0725,0.05,5.0,34042
Scholl_ARC111_c34,Scholl_ARC111,c34,34,normal_equilibre,2.3713,0.414,0.9943,1.0725,0.05,5.0,34042
Scholl_MERTENS_c35,Scholl_MERTENS,c35,35,normal_equilibre,1.9472,0.6155,1.0562,1.2066,0.05,5.0,35042
Scholl_JAESCHKE_c35,Scholl_JAESCHKE,c35,35,normal_equilibre,1.9472,0.6155,1.0562,1.2066,0.05,5.0,35042
Scholl_MANSOOR_c35,Scholl_MANSOOR,c35,35,normal_equilibre,1.9472,0.6155,1.0562,1.2066,0.05,5.0,35042
Scholl_MITCHELL_c35,Scholl_MITCHELL,c35,35,normal_equilibre,1.9472,0.6155,1.0562,1.2066,0.05,5.0,35042
Scholl_BUXEY_c35,Scholl_BUXEY,c35,35,normal_equilibre,1.9472,0.6155,1.0562,1.2066,0.05,5.0,35042
Scholl_SAWYER30_c35,Scholl_SAWYER30,c35,35,normal_equilibre,1.9472,0.6155,1.0562,1.2066,0.05,5.0,35042
Scholl_GUNTHER_c35,Scholl_GUNTHER,c35,35,normal_equilibre,1.9472,0.6155,1.0562,1.2066,0.05,5.0,35042
Scholl_KILBRID_c35,Scholl_KILBRID,c35,35,normal_equilibre,1.9472,0.6155,1.0562,1.2066,0.05,5.0,35042
Scholl_HAHN_c35,Scholl_HAHN,c35,35,normal_equilibre,1.9472,0.6155,1.0562,1.2066,0.05,5.0,35042
Scholl_WEE-MAG_c35,Scholl_WEE-MAG,c35,35,normal_equilibre,1.9472,0.6155,1.0562,1.2066,0.05,5.0,35042
Scholl_ARC83_c35,Scholl_ARC83,c35,35,normal_equilibre,1.9472,0.6155,1.0562,1.2066,0.05,5.0,35042
Scholl_LUTZ2_c35,Scholl_LUTZ2,c35,35,normal_equilibre,1.9472,0.6155,1.0562,1.2066,0.05,5.0,35042
Scholl_MUKHERJE_c35,Scholl_MUKHERJE,c35,35,normal_equilibre,1.9472,0.6155,1.0562,1.2066,0.05,5.0,35042
Scholl_ARC111_c35,Scholl_ARC111,c35,35,normal_equilibre,1.9472,0.6155,1.0562,1.2066,0.05,5.0,35042
Scholl_MERTENS_c36,Scholl_MERTENS,c36,36,normal_equilibre,2.3652,0.8329,0.9469,1.2972,0.05,5.0,36042
Scholl_JAESCHKE_c36,Scholl_JAESCHKE,c36,36,normal_equilibre,2.3652,0.8329,0.9469,1.2972,0.05,5.0,36042
Scholl_MANSOOR_c36,Scholl_MANSOOR,c36,36,normal_equilibre,2.3652,0.8329,0.9469,1.2972,0.05,5.0,36042
Scholl_MITCHELL_c36,Scholl_MITCHELL,c36,36,normal_equilibre,2.3652,0.8329,0.9469,1.2972,0.05,5.0,36042
Scholl_BUXEY_c36,Scholl_BUXEY,c36,36,normal_equilibre,2.3652,0.8329,0.9469,1.2972,0.05,5.0,36042
Scholl_SAWYER30_c36,Scholl_SAWYER30,c36,36,normal_equilibre,2.3652,0.8329,0.9469,1.2972,0.05,5.0,36042
Scholl_GUNTHER_c36,Scholl_GUNTHER,c36,36,normal_equilibre,2.3652,0.8329,0.9469,1.2972,0.05,5.0,36042
Scholl_KILBRID_c36,Scholl_KILBRID,c36,36,normal_equilibre,2.3652,0.8329,0.9469,1.2972,0.05,5.0,36042
Scholl_HAHN_c36,Scholl_HAHN,c36,36,normal_equilibre,2.3652,0.8329,0.9469,1.2972,0.05,5.0,36042
Scholl_WEE-MAG_c36,Scholl_WEE-MAG,c36,36,normal_equilibre,2.3652,0.8329,0.9469,1.2972,0.05,5.0,36042
Scholl_ARC83_c36,Scholl_ARC83,c36,36,normal_equilibre,2.3652,0.8329,0.9469,1.2972,0.05,5.0,36042
Scholl_LUTZ2_c36,Scholl_LUTZ2,c36,36,normal_equilibre,2.3652,0.8329,0.9469,1.2972,0.05,5.0,36042
Scholl_MUKHERJE_c36,Scholl_MUKHERJE,c36,36,normal_equilibre,2.3652,0.8329,0.9469,1.2972,0.05,5.0,36042
Scholl_ARC111_c36,Scholl_ARC111,c36,36,normal_equilibre,2.3652,0.8329,0.9469,1.2972,0.05,5.0,36042
