point_idx,cost,energy,stations,workers,cobots,certified,lb,ub,mip_gap_pct,n_nodes,solver_iterations,cpu_s,energy_tasks,energy_idle,cobot_util,HI,CI,SEH,SEC,SU,SIH,SIC,run_name,selected_instance,base_instance,config_name,source_results_dir
0,160.0,0.0,4,4,0,True,160.0,160.0,0.0,0,0,0.11,0.0,0.0,,7,0,0,0,0,0,0,Scholl_MERTENS_c01,Scholl_MERTENS,Scholl_MERTENS,c01,full_campaign_median_T_252_2026-06-04
1,125.0,1.1,3,3,1,True,1.1,1.1,0.0,0,205,0.09,1.0,0.1,0.7778,5,0,0,0,0,1,1,Scholl_MERTENS_c01,Scholl_MERTENS,Scholl_MERTENS,c01,full_campaign_median_T_252_2026-06-04
2,98.0,4.300000000000001,4,2,2,True,4.3,4.3,0.0,583,18105,0.28,4.0,0.3,0.6667,5,2,0,0,0,0,0,Scholl_MERTENS_c01,Scholl_MERTENS,Scholl_MERTENS,c01,full_campaign_median_T_252_2026-06-04
3,94.0,5.2,3,2,2,True,5.2,5.2,0.0,0,544,0.17,5.0,0.2,0.7778,3,1,0,0,3,0,0,Scholl_MERTENS_c01,Scholl_MERTENS,Scholl_MERTENS,c01,full_campaign_median_T_252_2026-06-04
4,90.0,7.1499999999999995,2,2,2,True,7.15,7.15,0.0,0,953,0.17,7.0,0.15,0.8333,0,0,0,0,7,0,0,Scholl_MERTENS_c01,Scholl_MERTENS,Scholl_MERTENS,c01,full_campaign_median_T_252_2026-06-04
5,67.0,8.200000000000001,4,1,3,True,8.2,8.2,0.0,0,807,0.16,8.0,0.2,0.8519,2,5,0,0,0,0,0,Scholl_MERTENS_c01,Scholl_MERTENS,Scholl_MERTENS,c01,full_campaign_median_T_252_2026-06-04
6,63.0,8.35,3,1,3,True,8.35,8.35,0.0,0,1106,0.18,8.0,0.35,0.7407,0,3,0,0,4,0,0,Scholl_MERTENS_c01,Scholl_MERTENS,Scholl_MERTENS,c01,full_campaign_median_T_252_2026-06-04
7,45.0,12.600000000000001,5,0,5,True,12.6,12.6,0.0,0,463,0.11,12.0,0.6,0.7333,0,7,0,0,0,0,0,Scholl_MERTENS_c01,Scholl_MERTENS,Scholl_MERTENS,c01,full_campaign_median_T_252_2026-06-04
0,160.0,0.0,4,4,0,True,160.0,160.0,0.0,0,0,0.01,0.0,0.0,,7,0,0,0,0,0,0,Scholl_MERTENS_c02,Scholl_MERTENS,Scholl_MERTENS,c02,full_campaign_median_T_252_2026-06-04
1,125.0,1.15,3,3,1,True,1.15,1.15,0.0,252,3628,0.15,1.0,0.15,0.6667,5,0,0,0,0,1,1,Scholl_MERTENS_c02,Scholl_MERTENS,Scholl_MERTENS,c02,full_campaign_median_T_252_2026-06-04
2,98.0,4.25,4,2,2,True,4.25,4.25,0.0,543,14417,0.21,4.0,0.25,0.7222,5,2,0,0,0,0,0,Scholl_MERTENS_c02,Scholl_MERTENS,Scholl_MERTENS,c02,full_campaign_median_T_252_2026-06-04
3,67.0,8.200000000000001,4,1,3,True,8.2,8.2,0.0,0,936,0.22,8.0,0.2,0.8519,2,5,0,0,0,0,0,Scholl_MERTENS_c02,Scholl_MERTENS,Scholl_MERTENS,c02,full_campaign_median_T_252_2026-06-04
4,45.0,12.6,5,0,5,True,12.6,12.6,0.0,0,843,0.18,12.0,0.6,0.7333,0,7,0,0,0,0,0,Scholl_MERTENS_c02,Scholl_MERTENS,Scholl_MERTENS,c02,full_campaign_median_T_252_2026-06-04
0,160.0,0.0,4,4,0,True,160.0,160.0,0.0,0,0,0.02,0.0,0.0,,7,0,0,0,0,0,0,Scholl_MERTENS_c03,Scholl_MERTENS,Scholl_MERTENS,c03,full_campaign_median_T_252_2026-06-04
1,125.0,2.05,3,3,1,True,2.05,2.05,0.0,243,4249,0.16,2.0,0.05,0.8889,5,0,0,0,0,1,1,Scholl_MERTENS_c03,Scholl_MERTENS,Scholl_MERTENS,c03,full_campaign_median_T_252_2026-06-04
2,98.0,4.300000000000001,4,2,2,True,4.3,4.3,0.0,527,7029,0.17,4.0,0.3,0.6667,5,2,0,0,0,0,0,Scholl_MERTENS_c03,Scholl_MERTENS,Scholl_MERTENS,c03,full_campaign_median_T_252_2026-06-04
3,94.0,6.05,3,2,2,True,6.05,6.05,0.0,0,883,0.19,6.0,0.05,0.9444,2,3,0,0,0,1,1,Scholl_MERTENS_c03,Scholl_MERTENS,Scholl_MERTENS,c03,full_campaign_median_T_252_2026-06-04
4,67.0,8.3,4,1,3,True,8.3,8.3,0.0,0,973,0.18,8.0,0.3,0.7778,2,5,0,0,0,0,0,Scholl_MERTENS_c03,Scholl_MERTENS,Scholl_MERTENS,c03,full_campaign_median_T_252_2026-06-04
5,45.0,12.700000000000001,5,0,5,True,12.7,12.7,0.0,0,1003,0.17,12.0,0.7,0.6889,0,7,0,0,0,0,0,Scholl_MERTENS_c03,Scholl_MERTENS,Scholl_MERTENS,c03,full_campaign_median_T_252_2026-06-04
0,160.0,0.0,4,4,0,True,160.0,160.0,0.0,0,0,0.01,0.0,0.0,,7,0,0,0,0,0,0,Scholl_MERTENS_c04,Scholl_MERTENS,Scholl_MERTENS,c04,full_campaign_median_T_252_2026-06-04
1,129.0,2.1,4,3,1,True,2.1,2.1,0.0,99,1648,0.12,2.0,0.1,0.7778,6,1,0,0,0,0,0,Scholl_MERTENS_c04,Scholl_MERTENS,Scholl_MERTENS,c04,full_campaign_median_T_252_2026-06-04
2,125.0,2.15,3,3,1,True,2.15,2.15,0.0,55,968,0.13,2.0,0.15,0.6667,5,0,0,0,2,0,0,Scholl_MERTENS_c04,Scholl_MERTENS,Scholl_MERTENS,c04,full_campaign_median_T_252_2026-06-04
3,98.0,5.1,4,2,2,True,5.1,5.1,0.0,440,11107,0.23,5.0,0.1,0.8889,4,3,0,0,0,0,0,Scholl_MERTENS_c04,Scholl_MERTENS,Scholl_MERTENS,c04,full_campaign_median_T_252_2026-06-04
4,94.0,5.199999999999999,3,2,2,True,5.2,5.2,0.0,0,936,0.2,5.0,0.2,0.7778,3,1,0,0,3,0,0,Scholl_MERTENS_c04,Scholl_MERTENS,Scholl_MERTENS,c04,full_campaign_median_T_252_2026-06-04
5,90.0,7.1,2,2,2,True,7.1,7.1,0.0,0,519,0.17,7.0,0.1,0.8889,0,0,0,0,7,0,0,Scholl_MERTENS_c04,Scholl_MERTENS,Scholl_MERTENS,c04,full_campaign_median_T_252_2026-06-04
6,63.0,9.1,3,1,3,True,9.1,9.1,0.0,0,500,0.13,9.0,0.1,0.9259,0,3,0,0,4,0,0,Scholl_MERTENS_c04,Scholl_MERTENS,Scholl_MERTENS,c04,full_campaign_median_T_252_2026-06-04
7,54.0,16.500000000000007,6,0,6,True,16.5,16.5,0.0,0,730,0.13,16.0,0.5,0.8148,0,7,0,0,0,0,0,Scholl_MERTENS_c04,Scholl_MERTENS,Scholl_MERTENS,c04,full_campaign_median_T_252_2026-06-04
0,160.0,0.0,4,4,0,True,160.0,160.0,0.0,0,0,0.02,0.0,0.0,,7,0,0,0,0,0,0,Scholl_MERTENS_c05,Scholl_MERTENS,Scholl_MERTENS,c05,full_campaign_median_T_252_2026-06-04
1,125.0,2.0,3,3,1,True,2.0,2.0,0.0,246,3724,0.21,2.0,0.0,1.0,5,0,0,0,0,1,1,Scholl_MERTENS_c05,Scholl_MERTENS,Scholl_MERTENS,c05,full_campaign_median_T_252_2026-06-04
2,103.0,5.3,4,2,3,True,5.3,5.3,0.0,607,7371,0.17,5.0,0.3,0.7778,3,2,0,0,0,1,1,Scholl_MERTENS_c05,Scholl_MERTENS,Scholl_MERTENS,c05,full_campaign_median_T_252_2026-06-04
3,99.0,8.15,3,2,3,True,8.15,8.15,0.0,0,1082,0.19,8.0,0.15,0.8889,0,2,0,0,5,0,0,Scholl_MERTENS_c05,Scholl_MERTENS,Scholl_MERTENS,c05,full_campaign_median_T_252_2026-06-04
4,85.0,10.75,6,1,5,True,10.75,10.75,0.0,0,1071,0.19,10.0,0.75,0.6667,2,5,0,0,0,0,0,Scholl_MERTENS_c05,Scholl_MERTENS,Scholl_MERTENS,c05,full_campaign_median_T_252_2026-06-04
5,81.0,11.450000000000001,5,1,5,True,11.45,11.45,0.0,0,139,0.06,11.0,0.45,0.8,0,5,0,0,0,1,1,Scholl_MERTENS_c05,Scholl_MERTENS,Scholl_MERTENS,c05,full_campaign_median_T_252_2026-06-04
0,160.0,0.0,4,4,0,True,160.0,160.0,0.0,0,0,0.01,0.0,0.0,,7,0,0,0,0,0,0,Scholl_MERTENS_c06,Scholl_MERTENS,Scholl_MERTENS,c06,full_campaign_median_T_252_2026-06-04
1,125.0,2.05,3,3,1,True,2.05,2.05,0.0,435,7608,0.17,2.0,0.05,0.8889,5,0,0,0,0,1,1,Scholl_MERTENS_c06,Scholl_MERTENS,Scholl_MERTENS,c06,full_campaign_median_T_252_2026-06-04
2,98.0,4.1499999999999995,4,2,2,True,4.15,4.15,0.0,0,1033,0.18,4.0,0.15,0.8333,5,2,0,0,0,0,0,Scholl_MERTENS_c06,Scholl_MERTENS,Scholl_MERTENS,c06,full_campaign_median_T_252_2026-06-04
3,76.0,8.4,5,1,4,True,8.4,8.4,0.0,0,962,0.27,8.0,0.4,0.7778,3,4,0,0,0,0,0,Scholl_MERTENS_c06,Scholl_MERTENS,Scholl_MERTENS,c06,full_campaign_median_T_252_2026-06-04
4,72.0,9.200000000000001,4,1,4,True,9.2,9.2,0.0,0,714,0.18,9.0,0.2,0.8889,0,4,0,0,0,2,1,Scholl_MERTENS_c06,Scholl_MERTENS,Scholl_MERTENS,c06,full_campaign_median_T_252_2026-06-04
5,54.0,13.6,6,0,6,True,13.6,13.6,0.0,0,824,0.18,13.0,0.6,0.7778,0,7,0,0,0,0,0,Scholl_MERTENS_c06,Scholl_MERTENS,Scholl_MERTENS,c06,full_campaign_median_T_252_2026-06-04
0,160.0,0.0,4,4,0,True,160.0,160.0,0.0,0,0,0.01,0.0,0.0,,7,0,0,0,0,0,0,Scholl_MERTENS_c07,Scholl_MERTENS,Scholl_MERTENS,c07,full_campaign_median_T_252_2026-06-04
1,125.0,2.2,3,3,1,True,2.2,2.2,0.0,215,2971,0.1,2.0,0.2,0.5556,5,0,0,0,2,0,0,Scholl_MERTENS_c07,Scholl_MERTENS,Scholl_MERTENS,c07,full_campaign_median_T_252_2026-06-04
2,85.0,4.0,2,2,1,True,4.0,4.0,0.0,0,175,0.08,4.0,0.0,1.0,3,0,0,0,4,0,0,Scholl_MERTENS_c07,Scholl_MERTENS,Scholl_MERTENS,c07,full_campaign_median_T_252_2026-06-04
0,160.0,0.0,4,4,0,True,160.0,160.0,0.0,0,0,0.01,0.0,0.0,,7,0,0,0,0,0,0,Scholl_MERTENS_c08,Scholl_MERTENS,Scholl_MERTENS,c08,full_campaign_median_T_252_2026-06-04
1,125.0,2.05,3,3,1,True,2.05,2.05,0.0,0,182,0.08,2.0,0.05,0.8889,5,0,0,0,2,0,0,Scholl_MERTENS_c08,Scholl_MERTENS,Scholl_MERTENS,c08,full_campaign_median_T_252_2026-06-04
2,108.0,8.450000000000001,4,2,4,True,8.45,8.45,0.0,0,156,0.08,8.0,0.45,0.75,0,2,0,0,5,0,0,Scholl_MERTENS_c08,Scholl_MERTENS,Scholl_MERTENS,c08,full_campaign_median_T_252_2026-06-04
0,160.0,0.0,4,4,0,True,160.0,160.0,0.0,0,0,0.01,0.0,0.0,,7,0,0,0,0,0,0,Scholl_MERTENS_c09,Scholl_MERTENS,Scholl_MERTENS,c09,full_campaign_median_T_252_2026-06-04
0,200.0,0.0,5,5,0,True,200.0,200.0,0.0,0,0,0.02,0.0,0.0,,8,0,0,0,0,0,0,Scholl_BOWMAN8_c01,Scholl_BOWMAN8,Scholl_BOWMAN8,c01,extra_remaining_instances_2026-06-10
1,165.0,2.45,4,4,1,True,2.45,2.45,0.0,321,8042,0.21,2.0,0.45,0.55,6,0,0,0,2,0,0,Scholl_BOWMAN8_c01,Scholl_BOWMAN8,Scholl_BOWMAN8,c01,extra_remaining_instances_2026-06-10
2,125.0,3.25,3,3,1,True,3.25,3.25,0.0,234,5604,0.21,3.0,0.25,0.75,5,0,0,0,3,0,0,Scholl_BOWMAN8_c01,Scholl_BOWMAN8,Scholl_BOWMAN8,c01,extra_remaining_instances_2026-06-10
3,90.0,7.3,2,2,2,True,7.3,7.3,0.0,0,1074,0.29,7.0,0.3,0.85,0,0,0,0,4,2,2,Scholl_BOWMAN8_c01,Scholl_BOWMAN8,Scholl_BOWMAN8,c01,extra_remaining_instances_2026-06-10
4,63.0,14.55,3,1,3,True,14.55,14.55,0.0,0,905,0.2,14.0,0.55,0.8167,0,4,0,0,4,0,0,Scholl_BOWMAN8_c01,Scholl_BOWMAN8,Scholl_BOWMAN8,c01,extra_remaining_instances_2026-06-10
5,45.0,25.1,5,0,5,True,25.1,25.1,0.0,0,464,0.1,24.0,1.1,0.78,0,8,0,0,0,0,0,Scholl_BOWMAN8_c01,Scholl_BOWMAN8,Scholl_BOWMAN8,c01,extra_remaining_instances_2026-06-10
0,200.0,0.0,5,5,0,True,200.0,200.0,0.0,0,0,0.01,0.0,0.0,,8,0,0,0,0,0,0,Scholl_BOWMAN8_c02,Scholl_BOWMAN8,Scholl_BOWMAN8,c02,extra_remaining_instances_2026-06-10
1,165.0,3.15,4,4,1,True,3.15,3.15,0.0,500,9116,0.19,3.0,0.15,0.85,6,0,0,0,2,0,0,Scholl_BOWMAN8_c02,Scholl_BOWMAN8,Scholl_BOWMAN8,c02,extra_remaining_instances_2026-06-10
2,134.0,7.550000000000001,4,3,2,True,7.55,7.55,0.0,491,11644,0.21,7.0,0.55,0.725,5,1,0,0,2,0,0,Scholl_BOWMAN8_c02,Scholl_BOWMAN8,Scholl_BOWMAN8,c02,extra_remaining_instances_2026-06-10
3,130.0,8.15,3,3,2,True,8.15,8.15,0.0,0,1323,0.27,8.0,0.15,0.925,3,0,0,0,5,0,0,Scholl_BOWMAN8_c02,Scholl_BOWMAN8,Scholl_BOWMAN8,c02,extra_remaining_instances_2026-06-10
4,103.0,12.700000000000001,4,2,3,True,12.7,12.7,0.0,0,1482,0.25,12.0,0.7,0.7667,3,3,0,0,2,0,0,Scholl_BOWMAN8_c02,Scholl_BOWMAN8,Scholl_BOWMAN8,c02,extra_remaining_instances_2026-06-10
5,99.0,14.2,3,2,3,True,14.2,14.2,0.0,0,1563,0.27,14.0,0.2,0.9333,0,3,0,0,5,0,0,Scholl_BOWMAN8_c02,Scholl_BOWMAN8,Scholl_BOWMAN8,c02,extra_remaining_instances_2026-06-10
6,76.0,18.15,5,1,4,True,18.15,18.15,0.0,0,904,0.19,17.0,1.15,0.7125,3,5,0,0,0,0,0,Scholl_BOWMAN8_c02,Scholl_BOWMAN8,Scholl_BOWMAN8,c02,extra_remaining_instances_2026-06-10
7,72.0,19.6,4,1,4,True,19.6,19.6,0.0,0,965,0.2,19.0,0.6,0.85,0,5,0,0,3,0,0,Scholl_BOWMAN8_c02,Scholl_BOWMAN8,Scholl_BOWMAN8,c02,extra_remaining_instances_2026-06-10
8,45.0,25.05,5,0,5,True,25.05,25.05,0.0,0,413,0.13,24.0,1.05,0.79,0,8,0,0,0,0,0,Scholl_BOWMAN8_c02,Scholl_BOWMAN8,Scholl_BOWMAN8,c02,extra_remaining_instances_2026-06-10
0,200.0,0.0,5,5,0,True,200.0,200.0,0.0,0,0,0.01,0.0,0.0,,8,0,0,0,0,0,0,Scholl_BOWMAN8_c03,Scholl_BOWMAN8,Scholl_BOWMAN8,c03,extra_remaining_instances_2026-06-10
1,169.0,3.45,5,4,1,True,3.45,3.45,0.0,0,272,0.11,3.0,0.45,0.55,7,1,0,0,0,0,0,Scholl_BOWMAN8_c03,Scholl_BOWMAN8,Scholl_BOWMAN8,c03,extra_remaining_instances_2026-06-10
2,138.0,6.95,5,3,2,True,6.95,6.95,0.0,0,966,0.19,6.0,0.95,0.525,6,2,0,0,0,0,0,Scholl_BOWMAN8_c03,Scholl_BOWMAN8,Scholl_BOWMAN8,c03,extra_remaining_instances_2026-06-10
3,107.0,12.149999999999999,5,2,3,True,12.15,12.15,0.0,0,1081,0.19,11.0,1.15,0.6167,5,3,0,0,0,0,0,Scholl_BOWMAN8_c03,Scholl_BOWMAN8,Scholl_BOWMAN8,c03,extra_remaining_instances_2026-06-10
4,76.0,18.2,5,1,4,True,18.2,18.2,0.0,0,1072,0.19,17.0,1.2,0.7,3,5,0,0,0,0,0,Scholl_BOWMAN8_c03,Scholl_BOWMAN8,Scholl_BOWMAN8,c03,extra_remaining_instances_2026-06-10
5,45.0,25.2,5,0,5,True,25.2,25.2,0.0,0,387,0.1,24.0,1.2,0.76,0,8,0,0,0,0,0,Scholl_BOWMAN8_c03,Scholl_BOWMAN8,Scholl_BOWMAN8,c03,extra_remaining_instances_2026-06-10
0,200.0,0.0,5,5,0,True,200.0,200.0,0.0,0,0,0.01,0.0,0.0,,8,0,0,0,0,0,0,Scholl_BOWMAN8_c04,Scholl_BOWMAN8,Scholl_BOWMAN8,c04,extra_remaining_instances_2026-06-10
1,165.0,2.45,4,4,1,True,2.45,2.45,0.0,421,12332,0.2,2.0,0.45,0.55,6,0,0,0,2,0,0,Scholl_BOWMAN8_c04,Scholl_BOWMAN8,Scholl_BOWMAN8,c04,extra_remaining_instances_2026-06-10
2,125.0,3.25,3,3,1,True,3.25,3.25,0.0,170,4220,0.19,3.0,0.25,0.75,5,0,0,0,3,0,0,Scholl_BOWMAN8_c04,Scholl_BOWMAN8,Scholl_BOWMAN8,c04,extra_remaining_instances_2026-06-10
3,94.0,8.200000000000001,3,2,2,True,8.2,8.2,0.0,0,1434,0.19,8.0,0.2,0.9,3,1,0,0,4,0,0,Scholl_BOWMAN8_c04,Scholl_BOWMAN8,Scholl_BOWMAN8,c04,extra_remaining_instances_2026-06-10
4,90.0,8.3,2,2,2,True,8.3,8.3,0.0,0,641,0.13,8.0,0.3,0.85,0,0,0,0,8,0,0,Scholl_BOWMAN8_c04,Scholl_BOWMAN8,Scholl_BOWMAN8,c04,extra_remaining_instances_2026-06-10
5,63.0,17.1,3,1,3,True,17.1,17.1,0.0,0,571,0.13,17.0,0.1,0.9667,0,4,0,0,4,0,0,Scholl_BOWMAN8_c04,Scholl_BOWMAN8,Scholl_BOWMAN8,c04,extra_remaining_instances_2026-06-10
0,200.0,0.0,5,5,0,True,200.0,200.0,0.0,0,0,0.01,0.0,0.0,,8,0,0,0,0,0,0,Scholl_BOWMAN8_c05,Scholl_BOWMAN8,Scholl_BOWMAN8,c05,extra_remaining_instances_2026-06-10
1,165.0,4.05,4,4,1,True,4.05,4.05,0.0,545,11833,0.2,4.0,0.05,0.95,6,0,0,0,2,0,0,Scholl_BOWMAN8_c05,Scholl_BOWMAN8,Scholl_BOWMAN8,c05,extra_remaining_instances_2026-06-10
2,130.0,8.100000000000001,3,3,2,True,8.1,8.1,0.0,498,12130,0.2,8.0,0.1,0.95,3,0,0,0,5,0,0,Scholl_BOWMAN8_c05,Scholl_BOWMAN8,Scholl_BOWMAN8,c05,extra_remaining_instances_2026-06-10
3,108.0,15.8,4,2,4,True,15.8,15.8,0.0,0,1308,0.24,15.0,0.8,0.8,0,3,0,0,2,2,1,Scholl_BOWMAN8_c05,Scholl_BOWMAN8,Scholl_BOWMAN8,c05,extra_remaining_instances_2026-06-10
4,81.0,24.45,5,1,5,True,24.45,24.45,0.0,0,982,0.19,24.0,0.45,0.91,0,6,0,0,2,0,0,Scholl_BOWMAN8_c05,Scholl_BOWMAN8,Scholl_BOWMAN8,c05,extra_remaining_instances_2026-06-10
0,200.0,0.0,5,5,0,True,200.0,200.0,0.0,0,0,0.01,0.0,0.0,,8,0,0,0,0,0,0,Scholl_BOWMAN8_c06,Scholl_BOWMAN8,Scholl_BOWMAN8,c06,extra_remaining_instances_2026-06-10
1,169.0,4.15,5,4,1,True,4.15,4.15,0.0,0,83,0.09,4.0,0.15,0.85,7,1,0,0,0,0,0,Scholl_BOWMAN8_c06,Scholl_BOWMAN8,Scholl_BOWMAN8,c06,extra_remaining_instances_2026-06-10
2,138.0,8.5,5,3,2,True,8.5,8.5,0.0,0,971,0.17,8.0,0.5,0.75,6,2,0,0,0,0,0,Scholl_BOWMAN8_c06,Scholl_BOWMAN8,Scholl_BOWMAN8,c06,extra_remaining_instances_2026-06-10
3,116.0,16.400000000000002,6,2,4,True,16.4,16.4,0.0,0,974,0.17,15.0,1.4,0.65,4,4,0,0,0,0,0,Scholl_BOWMAN8_c06,Scholl_BOWMAN8,Scholl_BOWMAN8,c06,extra_remaining_instances_2026-06-10
4,112.0,17.0,5,2,4,True,17.0,17.0,0.0,0,1058,0.18,16.0,1.0,0.75,1,4,0,0,0,2,1,Scholl_BOWMAN8_c06,Scholl_BOWMAN8,Scholl_BOWMAN8,c06,extra_remaining_instances_2026-06-10
5,107.0,17.25,5,2,3,True,17.25,17.25,0.0,0,1088,0.2,17.0,0.25,0.9167,3,5,0,0,0,0,0,Scholl_BOWMAN8_c06,Scholl_BOWMAN8,Scholl_BOWMAN8,c06,extra_remaining_instances_2026-06-10
6,85.0,24.95,6,1,5,True,24.95,24.95,0.0,0,179,0.07,24.0,0.95,0.81,1,7,0,0,0,0,0,Scholl_BOWMAN8_c06,Scholl_BOWMAN8,Scholl_BOWMAN8,c06,extra_remaining_instances_2026-06-10
0,200.0,0.0,5,5,0,True,200.0,200.0,0.0,0,0,0.01,0.0,0.0,,8,0,0,0,0,0,0,Scholl_BOWMAN8_c07,Scholl_BOWMAN8,Scholl_BOWMAN8,c07,extra_remaining_instances_2026-06-10
1,165.0,3.4,4,4,1,True,3.4,3.4,0.0,0,269,0.12,3.0,0.4,0.6,6,0,0,0,2,0,0,Scholl_BOWMAN8_c07,Scholl_BOWMAN8,Scholl_BOWMAN8,c07,extra_remaining_instances_2026-06-10
2,125.0,4.25,3,3,1,True,4.25,4.25,0.0,0,254,0.11,4.0,0.25,0.75,5,0,0,0,3,0,0,Scholl_BOWMAN8_c07,Scholl_BOWMAN8,Scholl_BOWMAN8,c07,extra_remaining_instances_2026-06-10
3,90.0,9.4,2,2,2,True,9.4,9.4,0.0,0,761,0.1,9.0,0.4,0.8,0,0,0,0,8,0,0,Scholl_BOWMAN8_c07,Scholl_BOWMAN8,Scholl_BOWMAN8,c07,extra_remaining_instances_2026-06-10
0,200.0,0.0,5,5,0,True,200.0,200.0,0.0,0,0,0.01,0.0,0.0,,8,0,0,0,0,0,0,Scholl_BOWMAN8_c08,Scholl_BOWMAN8,Scholl_BOWMAN8,c08,extra_remaining_instances_2026-06-10
1,165.0,3.15,4,4,1,True,3.15,3.15,0.0,92,1538,0.17,3.0,0.15,0.85,6,0,0,0,2,0,0,Scholl_BOWMAN8_c08,Scholl_BOWMAN8,Scholl_BOWMAN8,c08,extra_remaining_instances_2026-06-10
2,130.0,8.2,3,3,2,True,8.2,8.2,0.0,317,6403,0.13,8.0,0.2,0.9,3,0,0,0,5,0,0,Scholl_BOWMAN8_c08,Scholl_BOWMAN8,Scholl_BOWMAN8,c08,extra_remaining_instances_2026-06-10
0,200.0,0.0,5,5,0,True,200.0,200.0,0.0,0,0,0.01,0.0,0.0,,8,0,0,0,0,0,0,Scholl_BOWMAN8_c09,Scholl_BOWMAN8,Scholl_BOWMAN8,c09,extra_remaining_instances_2026-06-10
1,169.0,5.05,5,4,1,True,5.05,5.05,0.0,0,118,0.09,5.0,0.05,0.95,7,1,0,0,0,0,0,Scholl_BOWMAN8_c09,Scholl_BOWMAN8,Scholl_BOWMAN8,c09,extra_remaining_instances_2026-06-10
2,157.0,20.95,6,3,5,True,20.95,20.95,0.0,0,62,0.07,20.0,0.95,0.81,1,3,0,0,4,0,0,Scholl_BOWMAN8_c09,Scholl_BOWMAN8,Scholl_BOWMAN8,c09,extra_remaining_instances_2026-06-10
0,240.0,0.0,6,6,0,True,240.0,240.0,0.0,0,0,0.01,0.0,0.0,,9,0,0,0,0,0,0,Scholl_JAESCHKE_c01,Scholl_JAESCHKE,Scholl_JAESCHKE,c01,full_campaign_median_T_252_2026-06-04
1,209.0,2.05,6,5,1,True,2.05,2.05,0.0,756,18808,0.32,2.0,0.05,0.875,8,1,0,0,0,0,0,Scholl_JAESCHKE_c01,Scholl_JAESCHKE,Scholl_JAESCHKE,c01,full_campaign_median_T_252_2026-06-04
2,205.0,2.15,5,5,1,True,2.15,2.15,0.0,409,11938,0.35,2.0,0.15,0.625,7,0,0,0,2,0,0,Scholl_JAESCHKE_c01,Scholl_JAESCHKE,Scholl_JAESCHKE,c01,full_campaign_median_T_252_2026-06-04
3,165.0,3.1,4,4,1,True,3.1,3.1,0.0,1542,48181,0.56,3.0,0.1,0.75,6,0,0,0,3,0,0,Scholl_JAESCHKE_c01,Scholl_JAESCHKE,Scholl_JAESCHKE,c01,full_campaign_median_T_252_2026-06-04
4,134.0,6.05,4,3,2,True,6.05,6.05,0.0,2031,123830,1.31,6.0,0.05,0.9375,4,1,0,0,4,0,0,Scholl_JAESCHKE_c01,Scholl_JAESCHKE,Scholl_JAESCHKE,c01,full_campaign_median_T_252_2026-06-04
5,130.0,7.05,3,3,2,True,7.05,7.05,0.0,425,32730,0.93,7.0,0.05,0.9375,2,0,0,0,7,0,0,Scholl_JAESCHKE_c01,Scholl_JAESCHKE,Scholl_JAESCHKE,c01,full_campaign_median_T_252_2026-06-04
6,103.0,9.1,4,2,3,True,9.1,9.1,0.0,1228,75847,1.12,9.0,0.1,0.9167,2,3,0,0,4,0,0,Scholl_JAESCHKE_c01,Scholl_JAESCHKE,Scholl_JAESCHKE,c01,full_campaign_median_T_252_2026-06-04
7,99.0,10.100000000000001,3,2,3,True,10.1,10.1,0.0,0,1817,0.32,10.0,0.1,0.9167,0,1,0,0,8,0,0,Scholl_JAESCHKE_c01,Scholl_JAESCHKE,Scholl_JAESCHKE,c01,full_campaign_median_T_252_2026-06-04
8,81.0,12.45,5,1,5,True,12.45,12.45,0.0,0,2141,0.41,12.0,0.45,0.775,0,5,0,0,4,0,0,Scholl_JAESCHKE_c01,Scholl_JAESCHKE,Scholl_JAESCHKE,c01,full_campaign_median_T_252_2026-06-04
9,72.0,17.099999999999998,8,0,8,True,17.1,17.1,0.0,0,1101,0.24,16.0,1.1,0.6562,0,9,0,0,0,0,0,Scholl_JAESCHKE_c01,Scholl_JAESCHKE,Scholl_JAESCHKE,c01,full_campaign_median_T_252_2026-06-04
0,240.0,0.0,6,6,0,True,240.0,240.0,0.0,0,0,0.01,0.0,0.0,,9,0,0,0,0,0,0,Scholl_JAESCHKE_c02,Scholl_JAESCHKE,Scholl_JAESCHKE,c02,full_campaign_median_T_252_2026-06-04
1,205.0,2.0,5,5,1,True,2.0,2.0,0.0,381,10343,0.29,2.0,0.0,1.0,7,0,0,0,2,0,0,Scholl_JAESCHKE_c02,Scholl_JAESCHKE,Scholl_JAESCHKE,c02,full_campaign_median_T_252_2026-06-04
2,174.0,4.1,5,4,2,True,4.1,4.1,0.0,1061,30675,0.41,4.0,0.1,0.875,6,1,0,0,2,0,0,Scholl_JAESCHKE_c02,Scholl_JAESCHKE,Scholl_JAESCHKE,c02,full_campaign_median_T_252_2026-06-04
3,147.0,6.299999999999999,6,3,3,True,6.3,6.3,0.0,2038,73531,0.93,6.0,0.3,0.75,6,3,0,0,0,0,0,Scholl_JAESCHKE_c02,Scholl_JAESCHKE,Scholl_JAESCHKE,c02,full_campaign_median_T_252_2026-06-04
4,143.0,7.1,5,3,3,True,7.1,7.1,0.0,696,27453,0.76,7.0,0.1,0.9167,4,3,0,0,2,0,0,Scholl_JAESCHKE_c02,Scholl_JAESCHKE,Scholl_JAESCHKE,c02,full_campaign_median_T_252_2026-06-04
5,121.0,8.6,6,2,5,True,8.6,8.6,0.0,668,29154,0.64,8.0,0.6,0.7,2,4,0,0,0,2,1,Scholl_JAESCHKE_c02,Scholl_JAESCHKE,Scholl_JAESCHKE,c02,full_campaign_median_T_252_2026-06-04
6,116.0,9.299999999999999,6,2,4,True,9.3,9.3,0.0,0,1318,0.4,9.0,0.3,0.8125,4,5,0,0,0,0,0,Scholl_JAESCHKE_c02,Scholl_JAESCHKE,Scholl_JAESCHKE,c02,full_campaign_median_T_252_2026-06-04
7,112.0,10.15,5,2,4,True,10.15,10.15,0.0,0,1266,0.31,10.0,0.15,0.9062,2,5,0,0,2,0,0,Scholl_JAESCHKE_c02,Scholl_JAESCHKE,Scholl_JAESCHKE,c02,full_campaign_median_T_252_2026-06-04
8,99.0,11.95,7,1,7,True,11.95,11.95,0.0,0,1048,0.35,11.0,0.95,0.6607,0,6,0,0,0,2,1,Scholl_JAESCHKE_c02,Scholl_JAESCHKE,Scholl_JAESCHKE,c02,full_campaign_median_T_252_2026-06-04
9,85.0,12.4,6,1,5,True,12.4,12.4,0.0,0,992,0.25,12.0,0.4,0.8,2,7,0,0,0,0,0,Scholl_JAESCHKE_c02,Scholl_JAESCHKE,Scholl_JAESCHKE,c02,full_campaign_median_T_252_2026-06-04
10,63.0,15.75,7,0,7,True,15.75,15.75,0.0,0,972,0.23,15.0,0.75,0.7321,0,9,0,0,0,0,0,Scholl_JAESCHKE_c02,Scholl_JAESCHKE,Scholl_JAESCHKE,c02,full_campaign_median_T_252_2026-06-04
0,240.0,0.0,6,6,0,True,240.0,240.0,0.0,0,0,0.01,0.0,0.0,,9,0,0,0,0,0,0,Scholl_JAESCHKE_c03,Scholl_JAESCHKE,Scholl_JAESCHKE,c03,full_campaign_median_T_252_2026-06-04
1,209.0,2.05,6,5,1,True,2.05,2.05,0.0,0,576,0.21,2.0,0.05,0.875,8,1,0,0,0,0,0,Scholl_JAESCHKE_c03,Scholl_JAESCHKE,Scholl_JAESCHKE,c03,full_campaign_median_T_252_2026-06-04
2,178.0,4.2,6,4,2,True,4.2,4.2,0.0,514,12909,0.29,4.0,0.2,0.75,7,2,0,0,0,0,0,Scholl_JAESCHKE_c03,Scholl_JAESCHKE,Scholl_JAESCHKE,c03,full_campaign_median_T_252_2026-06-04
3,147.0,6.3500000000000005,6,3,3,True,6.35,6.35,0.0,0,1380,0.38,6.0,0.35,0.7083,6,3,0,0,0,0,0,Scholl_JAESCHKE_c03,Scholl_JAESCHKE,Scholl_JAESCHKE,c03,full_campaign_median_T_252_2026-06-04
4,116.0,9.350000000000001,6,2,4,True,9.35,9.35,0.0,0,1495,0.35,9.0,0.35,0.7812,4,5,0,0,0,0,0,Scholl_JAESCHKE_c03,Scholl_JAESCHKE,Scholl_JAESCHKE,c03,full_campaign_median_T_252_2026-06-04
5,85.0,12.450000000000001,6,1,5,True,12.45,12.45,0.0,0,1030,0.21,12.0,0.45,0.775,2,7,0,0,0,0,0,Scholl_JAESCHKE_c03,Scholl_JAESCHKE,Scholl_JAESCHKE,c03,full_campaign_median_T_252_2026-06-04
6,63.0,16.749999999999996,7,0,7,True,16.75,16.75,0.0,0,1000,0.23,16.0,0.75,0.7321,0,9,0,0,0,0,0,Scholl_JAESCHKE_c03,Scholl_JAESCHKE,Scholl_JAESCHKE,c03,full_campaign_median_T_252_2026-06-04
0,240.0,0.0,6,6,0,True,240.0,240.0,0.0,0,0,0.01,0.0,0.0,,9,0,0,0,0,0,0,Scholl_JAESCHKE_c04,Scholl_JAESCHKE,Scholl_JAESCHKE,c04,full_campaign_median_T_252_2026-06-04
1,209.0,2.0,6,5,1,True,2.0,2.0,0.0,464,8983,0.25,2.0,0.0,1.0,8,1,0,0,0,0,0,Scholl_JAESCHKE_c04,Scholl_JAESCHKE,Scholl_JAESCHKE,c04,full_campaign_median_T_252_2026-06-04
2,205.0,2.1,5,5,1,True,2.1,2.1,0.0,307,6374,0.23,2.0,0.1,0.75,7,0,0,0,2,0,0,Scholl_JAESCHKE_c04,Scholl_JAESCHKE,Scholl_JAESCHKE,c04,full_campaign_median_T_252_2026-06-04
3,165.0,3.0,4,4,1,True,3.0,3.0,0.0,358,11494,0.26,3.0,0.0,1.0,6,0,0,0,3,0,0,Scholl_JAESCHKE_c04,Scholl_JAESCHKE,Scholl_JAESCHKE,c04,full_campaign_median_T_252_2026-06-04
4,147.0,6.1,6,3,3,True,6.1,6.1,0.0,561,27391,0.51,6.0,0.1,0.9167,6,3,0,0,0,0,0,Scholl_JAESCHKE_c04,Scholl_JAESCHKE,Scholl_JAESCHKE,c04,full_campaign_median_T_252_2026-06-04
5,143.0,6.2,5,3,3,True,6.2,6.2,0.0,0,909,0.28,6.0,0.2,0.8333,4,2,0,0,3,0,0,Scholl_JAESCHKE_c04,Scholl_JAESCHKE,Scholl_JAESCHKE,c04,full_campaign_median_T_252_2026-06-04
6,130.0,7.0,3,3,2,True,7.0,7.0,0.0,0,1273,0.33,7.0,0.0,1.0,2,0,0,0,7,0,0,Scholl_JAESCHKE_c04,Scholl_JAESCHKE,Scholl_JAESCHKE,c04,full_campaign_median_T_252_2026-06-04
7,112.0,10.05,5,2,4,True,10.05,10.05,0.0,0,1244,0.33,10.0,0.05,0.9688,2,4,0,0,3,0,0,Scholl_JAESCHKE_c04,Scholl_JAESCHKE,Scholl_JAESCHKE,c04,full_campaign_median_T_252_2026-06-04
8,108.0,10.2,4,2,4,True,10.2,10.2,0.0,0,1004,0.2,10.0,0.2,0.875,0,2,0,0,7,0,0,Scholl_JAESCHKE_c04,Scholl_JAESCHKE,Scholl_JAESCHKE,c04,full_campaign_median_T_252_2026-06-04
9,90.0,14.3,6,1,6,True,14.3,14.3,0.0,0,888,0.2,14.0,0.3,0.875,0,6,0,0,3,0,0,Scholl_JAESCHKE_c04,Scholl_JAESCHKE,Scholl_JAESCHKE,c04,full_campaign_median_T_252_2026-06-04
0,240.0,0.0,6,6,0,True,240.0,240.0,0.0,0,0,0.01,0.0,0.0,,9,0,0,0,0,0,0,Scholl_JAESCHKE_c05,Scholl_JAESCHKE,Scholl_JAESCHKE,c05,full_campaign_median_T_252_2026-06-04
1,209.0,2.0,6,5,1,True,2.0,2.0,0.0,462,11330,0.25,2.0,0.0,1.0,8,1,0,0,0,0,0,Scholl_JAESCHKE_c05,Scholl_JAESCHKE,Scholl_JAESCHKE,c05,full_campaign_median_T_252_2026-06-04
2,205.0,2.05,5,5,1,True,2.05,2.05,0.0,153,3173,0.22,2.0,0.05,0.875,7,0,0,0,2,0,0,Scholl_JAESCHKE_c05,Scholl_JAESCHKE,Scholl_JAESCHKE,c05,full_campaign_median_T_252_2026-06-04
3,178.0,4.0,6,4,2,True,4.0,4.0,0.0,712,19527,0.32,4.0,0.0,1.0,7,2,0,0,0,0,0,Scholl_JAESCHKE_c05,Scholl_JAESCHKE,Scholl_JAESCHKE,c05,full_campaign_median_T_252_2026-06-04
4,174.0,4.05,5,4,2,True,4.05,4.05,0.0,0,1247,0.32,4.0,0.05,0.9375,6,1,0,0,2,0,0,Scholl_JAESCHKE_c05,Scholl_JAESCHKE,Scholl_JAESCHKE,c05,full_campaign_median_T_252_2026-06-04
5,170.0,5.05,4,4,2,True,5.05,5.05,0.0,644,20309,0.44,5.0,0.05,0.9375,4,0,0,0,5,0,0,Scholl_JAESCHKE_c05,Scholl_JAESCHKE,Scholl_JAESCHKE,c05,full_campaign_median_T_252_2026-06-04
6,147.0,6.05,6,3,3,True,6.05,6.05,0.0,1345,29786,0.38,6.0,0.05,0.9583,6,3,0,0,0,0,0,Scholl_JAESCHKE_c05,Scholl_JAESCHKE,Scholl_JAESCHKE,c05,full_campaign_median_T_252_2026-06-04
7,143.0,7.05,5,3,3,True,7.05,7.05,0.0,0,1655,0.31,7.0,0.05,0.9583,4,2,0,0,3,0,0,Scholl_JAESCHKE_c05,Scholl_JAESCHKE,Scholl_JAESCHKE,c05,full_campaign_median_T_252_2026-06-04
8,121.0,10.150000000000002,6,2,5,True,10.15,10.15,0.0,853,17495,0.42,10.0,0.15,0.925,2,4,0,0,0,2,1,Scholl_JAESCHKE_c05,Scholl_JAESCHKE,Scholl_JAESCHKE,c05,full_campaign_median_T_252_2026-06-04
9,94.0,14.100000000000001,7,1,6,True,14.1,14.1,0.0,0,1504,0.31,14.0,0.1,0.9583,2,7,0,0,0,0,0,Scholl_JAESCHKE_c05,Scholl_JAESCHKE,Scholl_JAESCHKE,c05,full_campaign_median_T_252_2026-06-04
10,72.0,18.4,8,0,8,True,18.4,18.4,0.0,0,1111,0.21,18.0,0.4,0.875,0,9,0,0,0,0,0,Scholl_JAESCHKE_c05,Scholl_JAESCHKE,Scholl_JAESCHKE,c05,full_campaign_median_T_252_2026-06-04
0,240.0,0.0,6,6,0,True,240.0,240.0,0.0,0,0,0.01,0.0,0.0,,9,0,0,0,0,0,0,Scholl_JAESCHKE_c06,Scholl_JAESCHKE,Scholl_JAESCHKE,c06,full_campaign_median_T_252_2026-06-04
1,209.0,2.0,6,5,1,True,2.0,2.0,0.0,0,691,0.2,2.0,0.0,1.0,8,1,0,0,0,0,0,Scholl_JAESCHKE_c06,Scholl_JAESCHKE,Scholl_JAESCHKE,c06,full_campaign_median_T_252_2026-06-04
2,178.0,4.05,6,4,2,True,4.05,4.05,0.0,354,5757,0.2,4.0,0.05,0.9375,7,2,0,0,0,0,0,Scholl_JAESCHKE_c06,Scholl_JAESCHKE,Scholl_JAESCHKE,c06,full_campaign_median_T_252_2026-06-04
3,147.0,6.1499999999999995,6,3,3,True,6.15,6.15,0.0,0,1519,0.33,6.0,0.15,0.875,6,3,0,0,0,0,0,Scholl_JAESCHKE_c06,Scholl_JAESCHKE,Scholl_JAESCHKE,c06,full_campaign_median_T_252_2026-06-04
4,121.0,10.299999999999999,6,2,5,True,10.3,10.3,0.0,0,1637,0.33,10.0,0.3,0.85,2,4,0,0,0,2,1,Scholl_JAESCHKE_c06,Scholl_JAESCHKE,Scholl_JAESCHKE,c06,full_campaign_median_T_252_2026-06-04
5,94.0,14.3,7,1,6,True,14.3,14.3,0.0,0,1550,0.31,14.0,0.3,0.875,2,7,0,0,0,0,0,Scholl_JAESCHKE_c06,Scholl_JAESCHKE,Scholl_JAESCHKE,c06,full_campaign_median_T_252_2026-06-04
6,72.0,19.45,8,0,8,True,19.45,19.45,0.0,0,1025,0.22,19.0,0.45,0.8594,0,9,0,0,0,0,0,Scholl_JAESCHKE_c06,Scholl_JAESCHKE,Scholl_JAESCHKE,c06,full_campaign_median_T_252_2026-06-04
0,240.0,0.0,6,6,0,True,240.0,240.0,0.0,0,0,0.01,0.0,0.0,,9,0,0,0,0,0,0,Scholl_JAESCHKE_c07,Scholl_JAESCHKE,Scholl_JAESCHKE,c07,full_campaign_median_T_252_2026-06-04
1,209.0,2.0,6,5,1,True,2.0,2.0,0.0,650,10682,0.17,2.0,0.0,1.0,8,1,0,0,0,0,0,Scholl_JAESCHKE_c07,Scholl_JAESCHKE,Scholl_JAESCHKE,c07,full_campaign_median_T_252_2026-06-04
2,205.0,2.15,5,5,1,True,2.15,2.15,0.0,0,659,0.15,2.0,0.15,0.625,7,0,0,0,2,0,0,Scholl_JAESCHKE_c07,Scholl_JAESCHKE,Scholl_JAESCHKE,c07,full_campaign_median_T_252_2026-06-04
3,165.0,3.1,4,4,1,True,3.1,3.1,0.0,494,8974,0.19,3.0,0.1,0.75,6,0,0,0,3,0,0,Scholl_JAESCHKE_c07,Scholl_JAESCHKE,Scholl_JAESCHKE,c07,full_campaign_median_T_252_2026-06-04
4,134.0,6.0,4,3,2,True,6.0,6.0,0.0,0,1290,0.21,6.0,0.0,1.0,4,1,0,0,4,0,0,Scholl_JAESCHKE_c07,Scholl_JAESCHKE,Scholl_JAESCHKE,c07,full_campaign_median_T_252_2026-06-04
5,130.0,7.05,3,3,2,True,7.05,7.05,0.0,0,682,0.14,7.0,0.05,0.9375,2,0,0,0,7,0,0,Scholl_JAESCHKE_c07,Scholl_JAESCHKE,Scholl_JAESCHKE,c07,full_campaign_median_T_252_2026-06-04
0,240.0,0.0,6,6,0,True,240.0,240.0,0.0,0,0,0.01,0.0,0.0,,9,0,0,0,0,0,0,Scholl_JAESCHKE_c08,Scholl_JAESCHKE,Scholl_JAESCHKE,c08,full_campaign_median_T_252_2026-06-04
1,205.0,2.05,5,5,1,True,2.05,2.05,0.0,649,11162,0.2,2.0,0.05,0.875,7,0,0,0,2,0,0,Scholl_JAESCHKE_c08,Scholl_JAESCHKE,Scholl_JAESCHKE,c08,full_campaign_median_T_252_2026-06-04
2,170.0,5.05,4,4,2,True,5.05,5.05,0.0,603,12909,0.23,5.0,0.05,0.9375,4,0,0,0,5,0,0,Scholl_JAESCHKE_c08,Scholl_JAESCHKE,Scholl_JAESCHKE,c08,full_campaign_median_T_252_2026-06-04
3,144.0,10.0,4,3,4,True,10.0,10.0,0.0,0,1237,0.2,10.0,0.0,1.0,0,1,0,0,8,0,0,Scholl_JAESCHKE_c08,Scholl_JAESCHKE,Scholl_JAESCHKE,c08,full_campaign_median_T_252_2026-06-04
0,240.0,0.0,6,6,0,True,240.0,240.0,0.0,0,0,0.01,0.0,0.0,,9,0,0,0,0,0,0,Scholl_JAESCHKE_c09,Scholl_JAESCHKE,Scholl_JAESCHKE,c09,full_campaign_median_T_252_2026-06-04
0,200.0,0.0,5,5,0,True,200.0,200.0,0.0,0,125,0.02,0.0,0.0,,11,0,0,0,0,0,0,Scholl_JACKSON_c01,Scholl_JACKSON,Scholl_JACKSON,c01,extra_remaining_instances_2026-06-10
1,165.0,1.25,4,4,1,True,1.25,1.25,0.0,185,10576,0.55,1.0,0.25,0.5455,8,0,0,0,0,2,1,Scholl_JACKSON_c01,Scholl_JACKSON,Scholl_JACKSON,c01,extra_remaining_instances_2026-06-10
2,125.0,5.0,3,3,1,True,5.0,5.0,0.0,3856,100119,1.61,5.0,0.0,1.0,6,0,0,0,5,0,0,Scholl_JACKSON_c01,Scholl_JACKSON,Scholl_JACKSON,c01,extra_remaining_instances_2026-06-10
3,103.0,8.5,4,2,3,True,8.5,8.5,0.0,4849,96253,1.71,8.0,0.5,0.697,4,3,0,0,4,0,0,Scholl_JACKSON_c01,Scholl_JACKSON,Scholl_JACKSON,c01,extra_remaining_instances_2026-06-10
4,94.0,9.0,3,2,2,True,9.0,9.0,0.0,0,3458,0.84,9.0,0.0,1.0,4,2,0,0,5,0,0,Scholl_JACKSON_c01,Scholl_JACKSON,Scholl_JACKSON,c01,extra_remaining_instances_2026-06-10
5,90.0,11.0,2,2,2,True,11.0,11.0,0.0,0,3982,0.84,11.0,0.0,1.0,0,0,0,0,11,0,0,Scholl_JACKSON_c01,Scholl_JACKSON,Scholl_JACKSON,c01,extra_remaining_instances_2026-06-10
6,76.0,13.200000000000001,5,1,4,True,13.2,13.2,0.0,1009,49771,1.39,13.0,0.2,0.9091,3,8,0,0,0,0,0,Scholl_JACKSON_c01,Scholl_JACKSON,Scholl_JACKSON,c01,extra_remaining_instances_2026-06-10
7,72.0,13.400000000000002,4,1,4,True,13.4,13.4,0.0,0,2242,0.54,13.0,0.4,0.8182,0,6,0,0,5,0,0,Scholl_JACKSON_c01,Scholl_JACKSON,Scholl_JACKSON,c01,extra_remaining_instances_2026-06-10
8,45.0,18.200000000000003,5,0,5,True,18.2,18.2,0.0,0,1729,0.4,18.0,0.2,0.9273,0,11,0,0,0,0,0,Scholl_JACKSON_c01,Scholl_JACKSON,Scholl_JACKSON,c01,extra_remaining_instances_2026-06-10
0,200.0,0.0,5,5,0,True,200.0,200.0,0.0,0,125,0.01,0.0,0.0,,11,0,0,0,0,0,0,Scholl_JACKSON_c02,Scholl_JACKSON,Scholl_JACKSON,c02,extra_remaining_instances_2026-06-10
1,165.0,2.0,4,4,1,True,2.0,2.0,0.0,1614,54982,0.89,2.0,0.0,1.0,7,0,0,0,0,2,2,Scholl_JACKSON_c02,Scholl_JACKSON,Scholl_JACKSON,c02,extra_remaining_instances_2026-06-10
2,147.0,5.8500000000000005,6,3,3,True,5.85,5.85,0.0,9374,307774,5.57,5.0,0.85,0.4848,8,3,0,0,0,0,0,Scholl_JACKSON_c02,Scholl_JACKSON,Scholl_JACKSON,c02,extra_remaining_instances_2026-06-10
3,134.0,6.1,4,3,2,True,6.1,6.1,0.0,5719,227974,2.35,6.0,0.1,0.9091,5,2,0,0,0,2,2,Scholl_JACKSON_c02,Scholl_JACKSON,Scholl_JACKSON,c02,extra_remaining_instances_2026-06-10
4,116.0,9.95,6,2,4,True,9.95,9.95,0.0,14753,925480,18.3,9.0,0.95,0.5682,6,5,0,0,0,0,0,Scholl_JACKSON_c02,Scholl_JACKSON,Scholl_JACKSON,c02,extra_remaining_instances_2026-06-10
5,107.0,10.15,5,2,3,True,10.15,10.15,0.0,2567,78535,1.53,10.0,0.15,0.9091,5,6,0,0,0,0,0,Scholl_JACKSON_c02,Scholl_JACKSON,Scholl_JACKSON,c02,extra_remaining_instances_2026-06-10
6,103.0,11.1,4,2,3,True,11.1,11.1,0.0,1206,69773,1.47,11.0,0.1,0.9394,2,5,0,0,0,2,2,Scholl_JACKSON_c02,Scholl_JACKSON,Scholl_JACKSON,c02,extra_remaining_instances_2026-06-10
7,76.0,14.25,5,1,4,True,14.25,14.25,0.0,2253,88498,1.57,14.0,0.25,0.8864,3,8,0,0,0,0,0,Scholl_JACKSON_c02,Scholl_JACKSON,Scholl_JACKSON,c02,extra_remaining_instances_2026-06-10
8,45.0,19.250000000000004,5,0,5,True,19.25,19.25,0.0,0,1341,0.29,19.0,0.25,0.9091,0,11,0,0,0,0,0,Scholl_JACKSON_c02,Scholl_JACKSON,Scholl_JACKSON,c02,extra_remaining_instances_2026-06-10
0,200.0,0.0,5,5,0,True,200.0,200.0,0.0,0,125,0.01,0.0,0.0,,11,0,0,0,0,0,0,Scholl_JACKSON_c03,Scholl_JACKSON,Scholl_JACKSON,c03,extra_remaining_instances_2026-06-10
1,169.0,2.2,5,4,1,True,2.2,2.2,0.0,1643,46991,0.85,2.0,0.2,0.6364,10,1,0,0,0,0,0,Scholl_JACKSON_c03,Scholl_JACKSON,Scholl_JACKSON,c03,extra_remaining_instances_2026-06-10
2,147.0,5.8500000000000005,6,3,3,True,5.85,5.85,0.0,6344,150831,2.26,5.0,0.85,0.4848,8,3,0,0,0,0,0,Scholl_JACKSON_c03,Scholl_JACKSON,Scholl_JACKSON,c03,extra_remaining_instances_2026-06-10
3,138.0,6.2,5,3,2,True,6.2,6.2,0.0,3026,115659,1.58,6.0,0.2,0.8182,8,3,0,0,0,0,0,Scholl_JACKSON_c03,Scholl_JACKSON,Scholl_JACKSON,c03,extra_remaining_instances_2026-06-10
4,116.0,9.85,6,2,4,True,9.85,9.85,0.0,7034,273419,4.58,9.0,0.85,0.6136,6,5,0,0,0,0,0,Scholl_JACKSON_c03,Scholl_JACKSON,Scholl_JACKSON,c03,extra_remaining_instances_2026-06-10
5,107.0,10.2,5,2,3,True,10.2,10.2,0.0,1539,58595,1.96,10.0,0.2,0.8788,6,5,0,0,0,0,0,Scholl_JACKSON_c03,Scholl_JACKSON,Scholl_JACKSON,c03,extra_remaining_instances_2026-06-10
6,76.0,14.25,5,1,4,True,14.25,14.25,0.0,1083,42801,1.36,14.0,0.25,0.8864,4,7,0,0,0,0,0,Scholl_JACKSON_c03,Scholl_JACKSON,Scholl_JACKSON,c03,extra_remaining_instances_2026-06-10
7,45.0,19.2,5,0,5,True,19.2,19.2,0.0,0,1344,0.3,19.0,0.2,0.9273,0,11,0,0,0,0,0,Scholl_JACKSON_c03,Scholl_JACKSON,Scholl_JACKSON,c03,extra_remaining_instances_2026-06-10
0,200.0,0.0,5,5,0,True,200.0,200.0,0.0,0,125,0.01,0.0,0.0,,11,0,0,0,0,0,0,Scholl_JACKSON_c04,Scholl_JACKSON,Scholl_JACKSON,c04,extra_remaining_instances_2026-06-10
1,169.0,2.15,5,4,1,True,2.15,2.15,0.0,853,39349,0.69,2.0,0.15,0.7273,10,1,0,0,0,0,0,Scholl_JACKSON_c04,Scholl_JACKSON,Scholl_JACKSON,c04,extra_remaining_instances_2026-06-10
2,165.0,3.1,4,4,1,True,3.1,3.1,0.0,280,16729,0.49,3.0,0.1,0.8182,8,0,0,0,3,0,0,Scholl_JACKSON_c04,Scholl_JACKSON,Scholl_JACKSON,c04,extra_remaining_instances_2026-06-10
3,134.0,6.15,4,3,2,True,6.15,6.15,0.0,3623,134539,1.36,6.0,0.15,0.8636,6,1,0,0,4,0,0,Scholl_JACKSON_c04,Scholl_JACKSON,Scholl_JACKSON,c04,extra_remaining_instances_2026-06-10
4,130.0,7.1499999999999995,3,3,2,True,7.15,7.15,0.0,1775,71700,0.95,7.0,0.15,0.8636,4,0,0,0,7,0,0,Scholl_JACKSON_c04,Scholl_JACKSON,Scholl_JACKSON,c04,extra_remaining_instances_2026-06-10
5,112.0,10.6,5,2,4,True,10.6,10.6,0.0,3392,131255,1.51,10.0,0.6,0.7273,4,3,0,0,4,0,0,Scholl_JACKSON_c04,Scholl_JACKSON,Scholl_JACKSON,c04,extra_remaining_instances_2026-06-10
6,103.0,11.100000000000001,4,2,3,True,11.1,11.1,0.0,0,5060,0.87,11.0,0.1,0.9394,4,2,0,0,5,0,0,Scholl_JACKSON_c04,Scholl_JACKSON,Scholl_JACKSON,c04,extra_remaining_instances_2026-06-10
7,99.0,12.150000000000002,3,2,3,True,12.15,12.15,0.0,0,3350,0.71,12.0,0.15,0.9091,0,3,0,0,8,0,0,Scholl_JACKSON_c04,Scholl_JACKSON,Scholl_JACKSON,c04,extra_remaining_instances_2026-06-10
8,94.0,16.7,7,1,6,True,16.7,16.7,0.0,373,47811,1.23,16.0,0.7,0.7879,4,7,0,0,0,0,0,Scholl_JACKSON_c04,Scholl_JACKSON,Scholl_JACKSON,c04,extra_remaining_instances_2026-06-10
9,90.0,16.799999999999997,6,1,6,True,16.8,16.8,0.0,440,39806,1.06,16.0,0.8,0.7576,0,7,0,0,4,0,0,Scholl_JACKSON_c04,Scholl_JACKSON,Scholl_JACKSON,c04,extra_remaining_instances_2026-06-10
10,81.0,17.4,5,1,5,True,17.4,17.4,0.0,0,2012,0.63,17.0,0.4,0.8545,0,6,0,0,5,0,0,Scholl_JACKSON_c04,Scholl_JACKSON,Scholl_JACKSON,c04,extra_remaining_instances_2026-06-10
11,72.0,23.950000000000003,8,0,8,True,23.95,23.95,0.0,0,1177,0.29,23.0,0.95,0.7841,0,11,0,0,0,0,0,Scholl_JACKSON_c04,Scholl_JACKSON,Scholl_JACKSON,c04,extra_remaining_instances_2026-06-10
0,200.0,0.0,5,5,0,True,200.0,200.0,0.0,0,125,0.01,0.0,0.0,,11,0,0,0,0,0,0,Scholl_JACKSON_c05,Scholl_JACKSON,Scholl_JACKSON,c05,extra_remaining_instances_2026-06-10
1,169.0,2.2,5,4,1,True,2.2,2.2,0.0,797,28036,0.6,2.0,0.2,0.6364,10,1,0,0,0,0,0,Scholl_JACKSON_c05,Scholl_JACKSON,Scholl_JACKSON,c05,extra_remaining_instances_2026-06-10
2,165.0,3.0,4,4,1,True,3.0,3.0,0.0,302,16642,0.52,3.0,0.0,1.0,8,0,0,0,3,0,0,Scholl_JACKSON_c05,Scholl_JACKSON,Scholl_JACKSON,c05,extra_remaining_instances_2026-06-10
3,147.0,6.6000000000000005,6,3,3,True,6.6,6.6,0.0,4272,131940,1.5,6.0,0.6,0.6364,8,3,0,0,0,0,0,Scholl_JACKSON_c05,Scholl_JACKSON,Scholl_JACKSON,c05,extra_remaining_instances_2026-06-10
4,134.0,7.05,4,3,2,True,7.05,7.05,0.0,3231,130330,1.68,7.0,0.05,0.9545,6,1,0,0,4,0,0,Scholl_JACKSON_c05,Scholl_JACKSON,Scholl_JACKSON,c05,extra_remaining_instances_2026-06-10
5,116.0,11.35,6,2,4,True,11.35,11.35,0.0,5737,181593,2.48,11.0,0.35,0.8409,6,5,0,0,0,0,0,Scholl_JACKSON_c05,Scholl_JACKSON,Scholl_JACKSON,c05,extra_remaining_instances_2026-06-10
6,112.0,12.15,5,2,4,True,12.15,12.15,0.0,1596,78118,1.72,12.0,0.15,0.9318,4,4,0,0,3,0,0,Scholl_JACKSON_c05,Scholl_JACKSON,Scholl_JACKSON,c05,extra_remaining_instances_2026-06-10
7,94.0,17.55,7,1,6,True,17.55,17.55,0.0,1861,96135,1.89,17.0,0.55,0.8333,4,7,0,0,0,0,0,Scholl_JACKSON_c05,Scholl_JACKSON,Scholl_JACKSON,c05,extra_remaining_instances_2026-06-10
8,90.0,19.35,6,1,6,True,19.35,19.35,0.0,672,33350,1.08,19.0,0.35,0.8939,0,8,0,0,3,0,0,Scholl_JACKSON_c05,Scholl_JACKSON,Scholl_JACKSON,c05,extra_remaining_instances_2026-06-10
9,72.0,24.75,8,0,8,True,24.75,24.75,0.0,0,2430,0.52,24.0,0.75,0.8295,0,11,0,0,0,0,0,Scholl_JACKSON_c05,Scholl_JACKSON,Scholl_JACKSON,c05,extra_remaining_instances_2026-06-10
0,200.0,0.0,5,5,0,True,200.0,200.0,0.0,0,125,0.02,0.0,0.0,,11,0,0,0,0,0,0,Scholl_JACKSON_c06,Scholl_JACKSON,Scholl_JACKSON,c06,extra_remaining_instances_2026-06-10
1,169.0,2.2,5,4,1,True,2.2,2.2,0.0,632,21450,0.5,2.0,0.2,0.6364,10,1,0,0,0,0,0,Scholl_JACKSON_c06,Scholl_JACKSON,Scholl_JACKSON,c06,extra_remaining_instances_2026-06-10
2,147.0,6.65,6,3,3,True,6.65,6.65,0.0,5018,144461,1.57,6.0,0.65,0.6061,8,3,0,0,0,0,0,Scholl_JACKSON_c06,Scholl_JACKSON,Scholl_JACKSON,c06,extra_remaining_instances_2026-06-10
3,138.0,8.0,5,3,2,True,8.0,8.0,0.0,4738,104242,1.16,8.0,0.0,1.0,8,3,0,0,0,0,0,Scholl_JACKSON_c06,Scholl_JACKSON,Scholl_JACKSON,c06,extra_remaining_instances_2026-06-10
4,116.0,11.400000000000002,6,2,4,True,11.4,11.4,0.0,10488,308842,4.98,11.0,0.4,0.8182,5,6,0,0,0,0,0,Scholl_JACKSON_c06,Scholl_JACKSON,Scholl_JACKSON,c06,extra_remaining_instances_2026-06-10
5,94.0,17.650000000000002,7,1,6,True,17.65,17.65,0.0,2680,112780,1.74,17.0,0.65,0.803,3,8,0,0,0,0,0,Scholl_JACKSON_c06,Scholl_JACKSON,Scholl_JACKSON,c06,extra_remaining_instances_2026-06-10
6,72.0,24.900000000000002,8,0,8,True,24.9,24.9,0.0,139,14674,0.78,24.0,0.9,0.7955,0,11,0,0,0,0,0,Scholl_JACKSON_c06,Scholl_JACKSON,Scholl_JACKSON,c06,extra_remaining_instances_2026-06-10
0,200.0,0.0,5,5,0,True,200.0,200.0,0.0,0,125,0.01,0.0,0.0,,11,0,0,0,0,0,0,Scholl_JACKSON_c07,Scholl_JACKSON,Scholl_JACKSON,c07,extra_remaining_instances_2026-06-10
1,169.0,2.15,5,4,1,True,2.15,2.15,0.0,361,11832,0.39,2.0,0.15,0.7273,10,1,0,0,0,0,0,Scholl_JACKSON_c07,Scholl_JACKSON,Scholl_JACKSON,c07,extra_remaining_instances_2026-06-10
2,165.0,3.15,4,4,1,True,3.15,3.15,0.0,138,7500,0.36,3.0,0.15,0.7273,8,0,0,0,3,0,0,Scholl_JACKSON_c07,Scholl_JACKSON,Scholl_JACKSON,c07,extra_remaining_instances_2026-06-10
3,125.0,5.0,3,3,1,True,5.0,5.0,0.0,752,38820,0.58,5.0,0.0,1.0,6,0,0,0,5,0,0,Scholl_JACKSON_c07,Scholl_JACKSON,Scholl_JACKSON,c07,extra_remaining_instances_2026-06-10
4,90.0,11.0,2,2,2,True,11.0,11.0,0.0,232,8283,0.3,11.0,0.0,1.0,0,0,0,0,11,0,0,Scholl_JACKSON_c07,Scholl_JACKSON,Scholl_JACKSON,c07,extra_remaining_instances_2026-06-10
0,200.0,0.0,5,5,0,True,200.0,200.0,0.0,0,125,0.02,0.0,0.0,,11,0,0,0,0,0,0,Scholl_JACKSON_c08,Scholl_JACKSON,Scholl_JACKSON,c08,extra_remaining_instances_2026-06-10
1,165.0,3.0,4,4,1,True,3.0,3.0,0.0,1177,44758,0.55,3.0,0.0,1.0,8,0,0,0,3,0,0,Scholl_JACKSON_c08,Scholl_JACKSON,Scholl_JACKSON,c08,extra_remaining_instances_2026-06-10
2,139.0,9.05,4,3,3,True,9.05,9.05,0.0,1254,41347,0.59,9.0,0.05,0.9697,4,1,0,0,6,0,0,Scholl_JACKSON_c08,Scholl_JACKSON,Scholl_JACKSON,c08,extra_remaining_instances_2026-06-10
3,130.0,17.600000000000005,7,2,6,True,17.6,17.6,0.0,346,19937,0.49,17.0,0.6,0.8182,2,6,0,0,3,0,0,Scholl_JACKSON_c08,Scholl_JACKSON,Scholl_JACKSON,c08,extra_remaining_instances_2026-06-10
4,126.0,18.350000000000005,6,2,6,True,18.35,18.35,0.0,0,247,0.25,18.0,0.35,0.8939,0,5,0,0,6,0,0,Scholl_JACKSON_c08,Scholl_JACKSON,Scholl_JACKSON,c08,extra_remaining_instances_2026-06-10
0,200.0,0.0,5,5,0,True,200.0,200.0,0.0,0,125,0.01,0.0,0.0,,11,0,0,0,0,0,0,Scholl_JACKSON_c09,Scholl_JACKSON,Scholl_JACKSON,c09,extra_remaining_instances_2026-06-10
1,169.0,3.0,5,4,1,True,3.0,3.0,0.0,937,38559,0.52,3.0,0.0,1.0,10,1,0,0,0,0,0,Scholl_JACKSON_c09,Scholl_JACKSON,Scholl_JACKSON,c09,extra_remaining_instances_2026-06-10
2,147.0,10.05,6,3,3,True,10.05,10.05,0.0,2020,72154,0.92,10.0,0.05,0.9697,8,3,0,0,0,0,0,Scholl_JACKSON_c09,Scholl_JACKSON,Scholl_JACKSON,c09,extra_remaining_instances_2026-06-10
0,120.0,0.0,3,3,0,True,120.0,120.0,0.0,0,123,0.02,0.0,0.0,,11,0,0,0,0,0,0,Scholl_MANSOOR_c01,Scholl_MANSOOR,Scholl_MANSOOR,c01,full_campaign_median_T_252_2026-06-04
1,85.0,11.5,2,2,1,True,11.5,11.5,0.0,396,18737,0.67,11.0,0.5,0.8387,4,0,0,0,7,0,0,Scholl_MANSOOR_c01,Scholl_MANSOOR,Scholl_MANSOOR,c01,full_campaign_median_T_252_2026-06-04
2,54.0,23.5,2,1,2,True,23.5,23.5,0.0,0,2445,0.58,22.0,1.5,0.7581,0,1,0,0,10,0,0,Scholl_MANSOOR_c01,Scholl_MANSOOR,Scholl_MANSOOR,c01,full_campaign_median_T_252_2026-06-04
3,36.0,55.9,4,0,4,True,55.9,55.9,0.0,0,173,0.11,53.0,2.9,0.7661,0,11,0,0,0,0,0,Scholl_MANSOOR_c01,Scholl_MANSOOR,Scholl_MANSOOR,c01,full_campaign_median_T_252_2026-06-04
0,120.0,0.0,3,3,0,True,120.0,120.0,0.0,0,123,0.02,0.0,0.0,,11,0,0,0,0,0,0,Scholl_MANSOOR_c02,Scholl_MANSOOR,Scholl_MANSOOR,c02,full_campaign_median_T_252_2026-06-04
1,94.0,17.0,3,2,2,True,17.0,17.0,0.0,1794,69758,1.06,15.0,2.0,0.6774,4,3,0,0,0,2,2,Scholl_MANSOOR_c02,Scholl_MANSOOR,Scholl_MANSOOR,c02,full_campaign_median_T_252_2026-06-04
2,89.0,17.05,3,2,1,True,17.05,17.05,0.0,255,43898,1.37,17.0,0.05,0.9839,7,4,0,0,0,0,0,Scholl_MANSOOR_c02,Scholl_MANSOOR,Scholl_MANSOOR,c02,full_campaign_median_T_252_2026-06-04
3,63.0,33.25,3,1,3,True,33.25,33.25,0.0,1018,57264,1.5,31.0,2.25,0.7581,0,3,0,0,0,3,5,Scholl_MANSOOR_c02,Scholl_MANSOOR,Scholl_MANSOOR,c02,full_campaign_median_T_252_2026-06-04
4,58.0,33.3,3,1,2,True,33.3,33.3,0.0,0,1290,0.34,33.0,0.3,0.9516,4,7,0,0,0,0,0,Scholl_MANSOOR_c02,Scholl_MANSOOR,Scholl_MANSOOR,c02,full_campaign_median_T_252_2026-06-04
5,27.0,52.199999999999996,3,0,3,True,52.2,52.2,0.0,0,655,0.24,52.0,0.2,0.9785,0,11,0,0,0,0,0,Scholl_MANSOOR_c02,Scholl_MANSOOR,Scholl_MANSOOR,c02,full_campaign_median_T_252_2026-06-04
0,120.0,0.0,3,3,0,True,120.0,120.0,0.0,0,123,0.02,0.0,0.0,,11,0,0,0,0,0,0,Scholl_MANSOOR_c03,Scholl_MANSOOR,Scholl_MANSOOR,c03,full_campaign_median_T_252_2026-06-04
1,89.0,18.0,3,2,1,True,18.0,18.0,0.0,1948,78900,1.05,18.0,0.0,1.0,7,4,0,0,0,0,0,Scholl_MANSOOR_c03,Scholl_MANSOOR,Scholl_MANSOOR,c03,full_campaign_median_T_252_2026-06-04
2,67.0,36.8,4,1,3,True,36.8,36.8,0.0,1646,66517,1.75,34.0,2.8,0.6989,7,4,0,0,0,0,0,Scholl_MANSOOR_c03,Scholl_MANSOOR,Scholl_MANSOOR,c03,full_campaign_median_T_252_2026-06-04
3,63.0,39.4,3,1,3,True,39.4,39.4,0.0,0,996,0.26,38.0,1.4,0.8495,0,8,0,0,0,1,2,Scholl_MANSOOR_c03,Scholl_MANSOOR,Scholl_MANSOOR,c03,full_campaign_median_T_252_2026-06-04
4,36.0,54.900000000000006,4,0,4,True,54.9,54.9,0.0,0,707,0.24,52.0,2.9,0.7661,0,11,0,0,0,0,0,Scholl_MANSOOR_c03,Scholl_MANSOOR,Scholl_MANSOOR,c03,full_campaign_median_T_252_2026-06-04
0,120.0,0.0,3,3,0,True,120.0,120.0,0.0,0,123,0.02,0.0,0.0,,11,0,0,0,0,0,0,Scholl_MANSOOR_c04,Scholl_MANSOOR,Scholl_MANSOOR,c04,full_campaign_median_T_252_2026-06-04
1,85.0,11.35,2,2,1,True,11.35,11.35,0.0,269,11038,0.43,11.0,0.35,0.8871,4,0,0,0,7,0,0,Scholl_MANSOOR_c04,Scholl_MANSOOR,Scholl_MANSOOR,c04,full_campaign_median_T_252_2026-06-04
2,63.0,32.65,3,1,3,True,32.65,32.65,0.0,0,723,0.31,30.0,2.65,0.7151,0,3,0,0,8,0,0,Scholl_MANSOOR_c04,Scholl_MANSOOR,Scholl_MANSOOR,c04,full_campaign_median_T_252_2026-06-04
0,120.0,0.0,3,3,0,True,120.0,120.0,0.0,0,123,0.02,0.0,0.0,,11,0,0,0,0,0,0,Scholl_MANSOOR_c05,Scholl_MANSOOR,Scholl_MANSOOR,c05,full_campaign_median_T_252_2026-06-04
1,94.0,20.35,3,2,2,True,20.35,20.35,0.0,1598,68359,1.43,19.0,1.35,0.7823,4,3,0,0,0,3,1,Scholl_MANSOOR_c05,Scholl_MANSOOR,Scholl_MANSOOR,c05,full_campaign_median_T_252_2026-06-04
2,90.0,22.3,2,2,2,True,22.3,22.3,0.0,233,24948,0.92,22.0,0.3,0.9516,0,0,0,0,7,3,1,Scholl_MANSOOR_c05,Scholl_MANSOOR,Scholl_MANSOOR,c05,full_campaign_median_T_252_2026-06-04
3,72.0,44.800000000000004,4,1,4,True,44.8,44.8,0.0,1096,29042,0.9,42.0,2.8,0.7742,0,4,0,0,0,6,1,Scholl_MANSOOR_c05,Scholl_MANSOOR,Scholl_MANSOOR,c05,full_campaign_median_T_252_2026-06-04
4,67.0,48.45,4,1,3,True,48.45,48.45,0.0,154,14765,0.71,48.0,0.45,0.9516,4,7,0,0,0,0,0,Scholl_MANSOOR_c05,Scholl_MANSOOR,Scholl_MANSOOR,c05,full_campaign_median_T_252_2026-06-04
5,45.0,74.95,5,0,5,True,74.95,74.95,0.0,0,861,0.27,73.0,1.95,0.8742,0,11,0,0,0,0,0,Scholl_MANSOOR_c05,Scholl_MANSOOR,Scholl_MANSOOR,c05,full_campaign_median_T_252_2026-06-04
0,120.0,0.0,3,3,0,True,120.0,120.0,0.0,0,123,0.02,0.0,0.0,,11,0,0,0,0,0,0,Scholl_MANSOOR_c06,Scholl_MANSOOR,Scholl_MANSOOR,c06,full_campaign_median_T_252_2026-06-04
1,94.0,23.75,3,2,2,True,23.75,23.75,0.0,1220,46667,0.92,23.0,0.75,0.879,4,1,0,0,0,3,3,Scholl_MANSOOR_c06,Scholl_MANSOOR,Scholl_MANSOOR,c06,full_campaign_median_T_252_2026-06-04
2,67.0,47.9,4,1,3,True,47.9,47.9,0.0,1087,49805,0.95,47.0,0.9,0.9032,4,7,0,0,0,0,0,Scholl_MANSOOR_c06,Scholl_MANSOOR,Scholl_MANSOOR,c06,full_campaign_median_T_252_2026-06-04
3,45.0,75.75000000000001,5,0,5,True,75.75,75.75,0.0,0,1395,0.33,73.0,2.75,0.8226,0,11,0,0,0,0,0,Scholl_MANSOOR_c06,Scholl_MANSOOR,Scholl_MANSOOR,c06,full_campaign_median_T_252_2026-06-04
0,120.0,0.0,3,3,0,True,120.0,120.0,0.0,0,123,0.02,0.0,0.0,,11,0,0,0,0,0,0,Scholl_MANSOOR_c07,Scholl_MANSOOR,Scholl_MANSOOR,c07,full_campaign_median_T_252_2026-06-04
1,85.0,11.6,2,2,1,True,11.6,11.6,0.0,175,14791,0.57,11.0,0.6,0.8065,4,0,0,0,7,0,0,Scholl_MANSOOR_c07,Scholl_MANSOOR,Scholl_MANSOOR,c07,full_campaign_median_T_252_2026-06-04
0,120.0,0.0,3,3,0,True,120.0,120.0,0.0,0,123,0.02,0.0,0.0,,11,0,0,0,0,0,0,Scholl_MANSOOR_c08,Scholl_MANSOOR,Scholl_MANSOOR,c08,full_campaign_median_T_252_2026-06-04
1,90.0,23.150000000000002,2,2,2,True,23.15,23.15,0.0,240,17925,0.53,23.0,0.15,0.9758,0,0,0,0,11,0,0,Scholl_MANSOOR_c08,Scholl_MANSOOR,Scholl_MANSOOR,c08,full_campaign_median_T_252_2026-06-04
0,120.0,0.0,3,3,0,True,120.0,120.0,0.0,0,123,0.02,0.0,0.0,,11,0,0,0,0,0,0,Scholl_MANSOOR_c09,Scholl_MANSOOR,Scholl_MANSOOR,c09,full_campaign_median_T_252_2026-06-04
0,80.0,0.0,2,2,0,True,80.0,80.0,0.0,0,41,0.03,0.0,0.0,,20,0,0,0,0,0,0,instance_n=20_69_c01,Otto_instance_n=20_69,instance_n=20_69,c01,full_campaign_median_T_252_2026-06-04
1,45.0,132.25,1,1,1,True,132.25,132.25,0.0,130963,3859478,132.4,119.0,13.25,0.735,0,0,0,0,20,0,0,instance_n=20_69_c01,Otto_instance_n=20_69,instance_n=20_69,c01,full_campaign_median_T_252_2026-06-04
2,18.0,510.75,2,0,2,True,510.75,510.75,0.0,0,0,0.4,508.0,2.75,0.9725,0,20,0,0,0,0,0,instance_n=20_69_c01,Otto_instance_n=20_69,instance_n=20_69,c01,full_campaign_median_T_252_2026-06-04
0,80.0,0.0,2,2,0,True,80.0,80.0,0.0,0,41,0.02,0.0,0.0,,20,0,0,0,0,0,0,instance_n=20_69_c02,Otto_instance_n=20_69,instance_n=20_69,c02,full_campaign_median_T_252_2026-06-04
1,54.0,230.5,2,1,2,False,203.7,230.5,11.6269,462910,10036857,300.36,191.0,39.5,0.605,0,4,0,0,0,9,7,instance_n=20_69_c02,Otto_instance_n=20_69,instance_n=20_69,c02,full_campaign_median_T_252_2026-06-04
2,49.0,238.4,2,1,1,True,238.4,238.4,0.0,6722,174808,1.8,235.0,3.4,0.932,12,8,0,0,0,0,0,instance_n=20_69_c02,Otto_instance_n=20_69,instance_n=20_69,c02,full_campaign_median_T_252_2026-06-04
3,18.0,515.5,2,0,2,True,515.5,515.5,0.0,829,7563,0.57,512.0,3.5,0.965,0,20,0,0,0,0,0,instance_n=20_69_c02,Otto_instance_n=20_69,instance_n=20_69,c02,full_campaign_median_T_252_2026-06-04
0,80.0,0.0,2,2,0,True,80.0,80.0,0.0,0,41,0.03,0.0,0.0,,20,0,0,0,0,0,0,instance_n=20_69_c03,Otto_instance_n=20_69,instance_n=20_69,c03,full_campaign_median_T_252_2026-06-04
1,49.0,250.2,2,1,1,True,250.2,250.2,0.0,96876,2709883,59.26,248.0,2.2,0.956,8,12,0,0,0,0,0,instance_n=20_69_c03,Otto_instance_n=20_69,instance_n=20_69,c03,full_campaign_median_T_252_2026-06-04
2,18.0,508.75,2,0,2,True,508.75,508.75,0.0,0,266,0.45,505.0,3.75,0.9625,0,20,0,0,0,0,0,instance_n=20_69_c03,Otto_instance_n=20_69,instance_n=20_69,c03,full_campaign_median_T_252_2026-06-04
0,80.0,0.0,2,2,0,True,80.0,80.0,0.0,0,41,0.02,0.0,0.0,,20,0,0,0,0,0,0,instance_n=20_69_c04,Otto_instance_n=20_69,instance_n=20_69,c04,full_campaign_median_T_252_2026-06-04
1,45.0,129.65,1,1,1,True,129.65,129.65,0.0,0,1243,1.19,116.0,13.65,0.727,0,0,0,0,20,0,0,instance_n=20_69_c04,Otto_instance_n=20_69,instance_n=20_69,c04,full_campaign_median_T_252_2026-06-04
2,27.0,745.7,3,0,3,True,745.7,745.7,0.0,0,0,0.42,735.0,10.7,0.9287,0,20,0,0,0,0,0,instance_n=20_69_c04,Otto_instance_n=20_69,instance_n=20_69,c04,full_campaign_median_T_252_2026-06-04
0,80.0,0.0,2,2,0,True,80.0,80.0,0.0,0,41,0.03,0.0,0.0,,20,0,0,0,0,0,0,instance_n=20_69_c05,Otto_instance_n=20_69,instance_n=20_69,c05,full_campaign_median_T_252_2026-06-04
1,54.0,295.7,2,1,2,False,194.31369866,295.7,34.2869,342487,12856840,300.35,271.0,24.7,0.753,0,4,0,0,0,8,8,instance_n=20_69_c05,Otto_instance_n=20_69,instance_n=20_69,c05,full_campaign_median_T_252_2026-06-04
2,27.0,722.8,3,0,3,True,722.8,722.8,0.0,4116,189709,2.09,714.0,8.8,0.9413,0,20,0,0,0,0,0,instance_n=20_69_c05,Otto_instance_n=20_69,instance_n=20_69,c05,full_campaign_median_T_252_2026-06-04
0,80.0,0.0,2,2,0,True,80.0,80.0,0.0,0,41,0.02,0.0,0.0,,20,0,0,0,0,0,0,instance_n=20_69_c06,Otto_instance_n=20_69,instance_n=20_69,c06,full_campaign_median_T_252_2026-06-04
1,54.0,344.95,2,1,2,False,310.0,344.95,10.1319,482346,10116223,300.32,330.0,14.95,0.8505,0,6,0,0,0,7,7,instance_n=20_69_c06,Otto_instance_n=20_69,instance_n=20_69,c06,full_campaign_median_T_252_2026-06-04
2,27.0,728.7499999999999,3,0,3,True,728.75,728.75,0.0,1175,38461,0.96,717.0,11.75,0.9217,0,20,0,0,0,0,0,instance_n=20_69_c06,Otto_instance_n=20_69,instance_n=20_69,c06,full_campaign_median_T_252_2026-06-04
0,80.0,0.0,2,2,0,True,80.0,80.0,0.0,0,41,0.02,0.0,0.0,,20,0,0,0,0,0,0,instance_n=20_69_c07,Otto_instance_n=20_69,instance_n=20_69,c07,full_campaign_median_T_252_2026-06-04
1,45.0,133.2,1,1,1,True,133.2,133.2,0.0,0,2745,1.48,121.0,12.2,0.756,0,0,0,0,20,0,0,instance_n=20_69_c07,Otto_instance_n=20_69,instance_n=20_69,c07,full_campaign_median_T_252_2026-06-04
0,80.0,0.0,2,2,0,True,80.0,80.0,0.0,0,41,0.03,0.0,0.0,,20,0,0,0,0,0,0,instance_n=20_69_c08,Otto_instance_n=20_69,instance_n=20_69,c08,full_campaign_median_T_252_2026-06-04
1,54.0,381.65,2,1,2,True,381.65,381.65,0.0,4723,165903,4.09,374.0,7.65,0.9235,0,6,0,0,14,0,0,instance_n=20_69_c08,Otto_instance_n=20_69,instance_n=20_69,c08,full_campaign_median_T_252_2026-06-04
2,45.0,1112.85,5,0,5,True,1112.85,1112.85,0.0,0,313,0.55,1074.0,38.85,0.8446,0,20,0,0,0,0,0,instance_n=20_69_c08,Otto_instance_n=20_69,instance_n=20_69,c08,full_campaign_median_T_252_2026-06-04
0,80.0,0.0,2,2,0,True,80.0,80.0,0.0,0,41,0.02,0.0,0.0,,20,0,0,0,0,0,0,instance_n=20_69_c09,Otto_instance_n=20_69,instance_n=20_69,c09,full_campaign_median_T_252_2026-06-04
1,63.0,476.75,3,1,3,False,334.67005052,476.75,29.8018,520320,10947376,300.36,434.0,42.75,0.715,0,7,0,0,0,7,6,instance_n=20_69_c09,Otto_instance_n=20_69,instance_n=20_69,c09,full_campaign_median_T_252_2026-06-04
2,45.0,1153.0499999999997,5,0,5,True,1153.05,1153.05,0.0,167377,3759707,45.03,1115.0,38.05,0.8478,0,20,0,0,0,0,0,instance_n=20_69_c09,Otto_instance_n=20_69,instance_n=20_69,c09,full_campaign_median_T_252_2026-06-04
0,120.0,0.0,3,3,0,True,120.0,120.0,0.0,0,0,0.02,0.0,0.0,,20,0,0,0,0,0,0,instance_n=20_74_c01,Otto_instance_n=20_74,instance_n=20_74,c01,full_campaign_median_T_252_2026-06-04
1,85.0,117.3,2,2,1,True,117.3,117.3,0.0,186300,4220998,217.2,100.0,17.3,0.654,8,0,0,0,12,0,0,instance_n=20_74_c01,Otto_instance_n=20_74,instance_n=20_74,c01,full_campaign_median_T_252_2026-06-04
2,54.0,228.45,2,1,2,True,228.45,228.45,0.0,7210,265912,6.43,184.0,44.45,0.5555,0,1,0,0,19,0,0,instance_n=20_74_c01,Otto_instance_n=20_74,instance_n=20_74,c01,full_campaign_median_T_252_2026-06-04
3,27.0,703.5500000000001,3,0,3,True,703.55,703.55,0.0,0,826,0.58,691.0,12.55,0.9163,0,20,0,0,0,0,0,instance_n=20_74_c01,Otto_instance_n=20_74,instance_n=20_74,c01,full_campaign_median_T_252_2026-06-04
0,120.0,0.0,3,3,0,True,120.0,120.0,0.0,0,0,0.02,0.0,0.0,,20,0,0,0,0,0,0,instance_n=20_74_c02,Otto_instance_n=20_74,instance_n=20_74,c02,full_campaign_median_T_252_2026-06-04
1,94.0,198.75,3,2,2,False,149.1265266,198.75,24.9678,317269,6327150,300.36,150.0,48.75,0.5125,5,1,0,0,0,7,7,instance_n=20_74_c02,Otto_instance_n=20_74,instance_n=20_74,c02,full_campaign_median_T_252_2026-06-04
2,90.0,201.55,2,2,2,False,171.85,201.55,14.7358,371302,5963201,300.35,162.0,39.55,0.6045,0,0,0,0,0,12,8,instance_n=20_74_c02,Otto_instance_n=20_74,instance_n=20_74,c02,full_campaign_median_T_252_2026-06-04
3,89.0,202.0,3,2,1,True,202.0,202.0,0.0,29786,1081999,28.5,189.0,13.0,0.74,13,7,0,0,0,0,0,instance_n=20_74_c02,Otto_instance_n=20_74,instance_n=20_74,c02,full_campaign_median_T_252_2026-06-04
4,63.0,438.34999999999997,3,1,3,False,363.74140862,438.35,17.0203,398570,11602847,300.35,389.0,49.35,0.671,0,8,0,0,0,6,6,instance_n=20_74_c02,Otto_instance_n=20_74,instance_n=20_74,c02,full_campaign_median_T_252_2026-06-04
5,58.0,454.3,3,1,2,True,454.3,454.3,0.0,37314,509693,10.28,441.0,13.3,0.867,7,13,0,0,0,0,0,instance_n=20_74_c02,Otto_instance_n=20_74,instance_n=20_74,c02,full_campaign_median_T_252_2026-06-04
6,27.0,734.8000000000001,3,0,3,True,734.8,734.8,0.0,29792,394982,5.15,721.0,13.8,0.908,0,20,0,0,0,0,0,instance_n=20_74_c02,Otto_instance_n=20_74,instance_n=20_74,c02,full_campaign_median_T_252_2026-06-04
0,120.0,0.0,3,3,0,True,120.0,120.0,0.0,0,0,0.02,0.0,0.0,,20,0,0,0,0,0,0,instance_n=20_74_c03,Otto_instance_n=20_74,instance_n=20_74,c03,full_campaign_median_T_252_2026-06-04
1,89.0,207.7,3,2,1,True,207.7,207.7,0.0,70361,1802351,85.64,197.0,10.7,0.786,13,7,0,0,0,0,0,instance_n=20_74_c03,Otto_instance_n=20_74,instance_n=20_74,c03,full_campaign_median_T_252_2026-06-04
2,58.0,452.4,3,1,2,True,452.4,452.4,0.0,42745,1361464,35.68,440.0,12.4,0.876,7,13,0,0,0,0,0,instance_n=20_74_c03,Otto_instance_n=20_74,instance_n=20_74,c03,full_campaign_median_T_252_2026-06-04
3,27.0,737.9499999999999,3,0,3,True,737.95,737.95,0.0,0,698,0.64,727.0,10.95,0.927,0,20,0,0,0,0,0,instance_n=20_74_c03,Otto_instance_n=20_74,instance_n=20_74,c03,full_campaign_median_T_252_2026-06-04
0,120.0,0.0,3,3,0,True,120.0,120.0,0.0,0,0,0.02,0.0,0.0,,20,0,0,0,0,0,0,instance_n=20_74_c04,Otto_instance_n=20_74,instance_n=20_74,c04,full_campaign_median_T_252_2026-06-04
1,85.0,122.15,2,2,1,True,122.15,122.15,0.0,927,67594,3.12,105.0,17.15,0.657,7,0,0,0,13,0,0,instance_n=20_74_c04,Otto_instance_n=20_74,instance_n=20_74,c04,full_campaign_median_T_252_2026-06-04
2,54.0,245.9,2,1,2,True,245.9,245.9,0.0,148,30612,2.28,206.0,39.9,0.601,0,1,0,0,19,0,0,instance_n=20_74_c04,Otto_instance_n=20_74,instance_n=20_74,c04,full_campaign_median_T_252_2026-06-04
3,45.0,1088.05,5,0,5,True,1088.05,1088.05,0.0,0,1258,0.57,1040.0,48.05,0.8078,0,20,0,0,0,0,0,instance_n=20_74_c04,Otto_instance_n=20_74,instance_n=20_74,c04,full_campaign_median_T_252_2026-06-04
0,120.0,0.0,3,3,0,True,120.0,120.0,0.0,0,0,0.02,0.0,0.0,,20,0,0,0,0,0,0,instance_n=20_74_c05,Otto_instance_n=20_74,instance_n=20_74,c05,full_campaign_median_T_252_2026-06-04
1,90.0,205.75,2,2,2,False,150.5,205.75,26.853,182815,3426812,300.43,169.0,36.75,0.6325,0,0,0,0,0,15,5,instance_n=20_74_c05,Otto_instance_n=20_74,instance_n=20_74,c05,full_campaign_median_T_252_2026-06-04
2,63.0,548.1,3,1,3,False,478.58114534,548.1,12.6836,362823,8616331,300.36,528.0,20.1,0.866,0,7,0,0,0,7,6,instance_n=20_74_c05,Otto_instance_n=20_74,instance_n=20_74,c05,full_campaign_median_T_252_2026-06-04
3,36.0,1020.5,4,0,4,True,1020.5,1020.5,0.0,6627,97265,2.08,1015.0,5.5,0.9725,0,20,0,0,0,0,0,instance_n=20_74_c05,Otto_instance_n=20_74,instance_n=20_74,c05,full_campaign_median_T_252_2026-06-04
0,120.0,0.0,3,3,0,True,120.0,120.0,0.0,0,0,0.02,0.0,0.0,,20,0,0,0,0,0,0,instance_n=20_74_c06,Otto_instance_n=20_74,instance_n=20_74,c06,full_campaign_median_T_252_2026-06-04
1,90.0,244.35,2,2,2,False,183.8625,244.35,24.7545,197728,4366570,300.94,230.0,14.35,0.8565,0,0,0,0,0,13,7,instance_n=20_74_c06,Otto_instance_n=20_74,instance_n=20_74,c06,full_campaign_median_T_252_2026-06-04
2,63.0,599.4,3,1,3,False,553.4,599.4,7.6743,382478,7915506,300.35,590.0,9.4,0.9373,0,9,0,0,0,7,4,instance_n=20_74_c06,Otto_instance_n=20_74,instance_n=20_74,c06,full_campaign_median_T_252_2026-06-04
3,36.0,994.5999999999999,4,0,4,True,994.6,994.6,0.0,0,601,0.94,991.0,3.6,0.982,0,20,0,0,0,0,0,instance_n=20_74_c06,Otto_instance_n=20_74,instance_n=20_74,c06,full_campaign_median_T_252_2026-06-04
0,120.0,0.0,3,3,0,True,120.0,120.0,0.0,0,0,0.02,0.0,0.0,,20,0,0,0,0,0,0,instance_n=20_74_c07,Otto_instance_n=20_74,instance_n=20_74,c07,full_campaign_median_T_252_2026-06-04
1,85.0,118.5,2,2,1,True,118.5,118.5,0.0,1004,62092,4.73,101.0,17.5,0.65,8,0,0,0,12,0,0,instance_n=20_74_c07,Otto_instance_n=20_74,instance_n=20_74,c07,full_campaign_median_T_252_2026-06-04
2,54.0,261.35,2,1,2,True,261.35,261.35,0.0,66,18756,2.14,226.0,35.35,0.6465,0,2,0,0,18,0,0,instance_n=20_74_c07,Otto_instance_n=20_74,instance_n=20_74,c07,full_campaign_median_T_252_2026-06-04
0,120.0,0.0,3,3,0,True,120.0,120.0,0.0,0,0,0.02,0.0,0.0,,20,0,0,0,0,0,0,instance_n=20_74_c08,Otto_instance_n=20_74,instance_n=20_74,c08,full_campaign_median_T_252_2026-06-04
1,90.0,291.59999999999997,2,2,2,True,291.6,291.6,0.0,36366,2004498,105.73,282.0,9.6,0.904,0,0,0,0,20,0,0,instance_n=20_74_c08,Otto_instance_n=20_74,instance_n=20_74,c08,full_campaign_median_T_252_2026-06-04
2,72.0,823.2,4,1,4,True,823.2,823.2,0.0,12317,620507,16.88,803.0,20.2,0.899,0,9,0,0,11,0,0,instance_n=20_74_c08,Otto_instance_n=20_74,instance_n=20_74,c08,full_campaign_median_T_252_2026-06-04
3,63.0,1578.9499999999998,7,0,7,True,1578.95,1578.95,0.0,668,41900,1.93,1529.0,49.95,0.8573,0,20,0,0,0,0,0,instance_n=20_74_c08,Otto_instance_n=20_74,instance_n=20_74,c08,full_campaign_median_T_252_2026-06-04
0,120.0,0.0,3,3,0,True,120.0,120.0,0.0,0,0,0.02,0.0,0.0,,20,0,0,0,0,0,0,instance_n=20_74_c09,Otto_instance_n=20_74,instance_n=20_74,c09,full_campaign_median_T_252_2026-06-04
1,99.0,327.0,3,2,3,False,156.8,327.0,52.0489,299052,6313771,300.31,272.0,55.0,0.6333,0,1,0,0,0,13,6,instance_n=20_74_c09,Otto_instance_n=20_74,instance_n=20_74,c09,full_campaign_median_T_252_2026-06-04
2,94.0,331.6,3,2,2,False,221.95,331.6,33.0669,365713,6282896,300.44,316.0,15.6,0.844,8,2,0,0,0,8,2,instance_n=20_74_c09,Otto_instance_n=20_74,instance_n=20_74,c09,full_campaign_median_T_252_2026-06-04
3,72.0,874.3000000000001,4,1,4,False,844.55,874.3,3.4027,1033838,7894361,300.33,862.0,12.3,0.9385,0,10,0,0,0,8,2,instance_n=20_74_c09,Otto_instance_n=20_74,instance_n=20_74,c09,full_campaign_median_T_252_2026-06-04
4,63.0,1620.6000000000001,7,0,7,True,1620.6,1620.6,0.0,2561,91387,2.86,1568.0,52.6,0.8497,0,20,0,0,0,0,0,instance_n=20_74_c09,Otto_instance_n=20_74,instance_n=20_74,c09,full_campaign_median_T_252_2026-06-04
0,240.0,0.0,6,6,0,True,240.0,240.0,0.0,0,697,0.04,0.0,0.0,,20,0,0,0,0,0,0,Otto_instance_n=20_288_c01,Otto_instance_n=20_288,Otto_instance_n=20_288,c01,extra_remaining_instances_2026-06-10
1,205.0,60.800000000000004,5,5,1,True,60.8,60.8,0.0,5533,618505,29.06,14.0,46.8,0.064,16,0,3,1,0,0,0,Otto_instance_n=20_288_c01,Otto_instance_n=20_288,Otto_instance_n=20_288,c01,extra_remaining_instances_2026-06-10
2,165.0,128.65,4,4,1,True,128.65,128.65,0.0,16727,1859348,140.31,117.0,11.65,0.767,13,0,0,0,7,0,0,Otto_instance_n=20_288_c01,Otto_instance_n=20_288,Otto_instance_n=20_288,c01,extra_remaining_instances_2026-06-10
3,130.0,235.5,3,3,2,True,235.5,235.5,0.0,59223,4389535,178.31,206.0,29.5,0.705,5,0,0,0,10,3,2,Otto_instance_n=20_288_c01,Otto_instance_n=20_288,Otto_instance_n=20_288,c01,extra_remaining_instances_2026-06-10
4,90.0,302.2,2,2,2,True,302.2,302.2,0.0,15378,2219054,94.94,298.0,4.2,0.958,0,0,0,0,20,0,0,Otto_instance_n=20_288_c01,Otto_instance_n=20_288,Otto_instance_n=20_288,c01,extra_remaining_instances_2026-06-10
5,72.0,754.5000000000001,4,1,4,True,754.5,754.5,0.0,13046,1177647,43.63,723.0,31.5,0.8425,0,10,0,0,10,0,0,Otto_instance_n=20_288_c01,Otto_instance_n=20_288,Otto_instance_n=20_288,c01,extra_remaining_instances_2026-06-10
6,54.0,1341.6499999999999,6,0,6,True,1341.65,1341.65,0.0,826,79311,3.3,1291.0,50.65,0.8312,0,20,0,0,0,0,0,Otto_instance_n=20_288_c01,Otto_instance_n=20_288,Otto_instance_n=20_288,c01,extra_remaining_instances_2026-06-10
0,240.0,0.0,6,6,0,True,240.0,240.0,0.0,0,697,0.04,0.0,0.0,,20,0,0,0,0,0,0,Otto_instance_n=20_288_c02,Otto_instance_n=20_288,Otto_instance_n=20_288,c02,extra_remaining_instances_2026-06-10
1,205.0,74.5,5,5,1,True,74.5,74.5,0.0,10501,616104,30.44,41.0,33.5,0.33,16,0,0,0,0,3,1,Otto_instance_n=20_288_c02,Otto_instance_n=20_288,Otto_instance_n=20_288,c02,extra_remaining_instances_2026-06-10
2,170.0,220.60000000000002,4,4,2,False,145.96626572,220.6,33.8322,103501,7134845,300.32,194.0,26.6,0.734,8,0,0,0,0,6,6,Otto_instance_n=20_288_c02,Otto_instance_n=20_288,Otto_instance_n=20_288,c02,extra_remaining_instances_2026-06-10
3,135.0,392.90000000000003,3,3,3,False,156.40261421,392.9,60.1928,38824,4249464,300.4,383.0,9.9,0.934,0,0,0,0,0,9,11,Otto_instance_n=20_288_c02,Otto_instance_n=20_288,Otto_instance_n=20_288,c02,extra_remaining_instances_2026-06-10
4,108.0,684.35,4,2,4,False,426.9882183,684.35,37.6067,92788,7691873,300.33,658.0,26.35,0.8682,0,8,0,0,0,4,8,Otto_instance_n=20_288_c02,Otto_instance_n=20_288,Otto_instance_n=20_288,c02,extra_remaining_instances_2026-06-10
5,107.0,768.15,5,2,3,True,768.15,768.15,0.0,37141,3427685,218.81,764.0,4.15,0.9723,8,12,0,0,0,0,0,Otto_instance_n=20_288_c02,Otto_instance_n=20_288,Otto_instance_n=20_288,c02,extra_remaining_instances_2026-06-10
6,81.0,986.4,5,1,5,False,856.7892746,986.4,13.1398,241339,8742246,300.33,947.0,39.4,0.8424,0,13,0,0,0,2,5,Otto_instance_n=20_288_c02,Otto_instance_n=20_288,Otto_instance_n=20_288,c02,extra_remaining_instances_2026-06-10
7,76.0,1050.25,5,1,4,True,1050.25,1050.25,0.0,4701,198809,5.85,1045.0,5.25,0.9738,3,17,0,0,0,0,0,Otto_instance_n=20_288_c02,Otto_instance_n=20_288,Otto_instance_n=20_288,c02,extra_remaining_instances_2026-06-10
8,54.0,1354.7,6,0,6,True,1354.7,1354.7,0.0,7430,213415,5.58,1300.0,54.7,0.8177,0,20,0,0,0,0,0,Otto_instance_n=20_288_c02,Otto_instance_n=20_288,Otto_instance_n=20_288,c02,extra_remaining_instances_2026-06-10
0,240.0,0.0,6,6,0,True,240.0,240.0,0.0,0,697,0.03,0.0,0.0,,20,0,0,0,0,0,0,Otto_instance_n=20_288_c03,Otto_instance_n=20_288,Otto_instance_n=20_288,c03,extra_remaining_instances_2026-06-10
1,209.0,79.15,6,5,1,True,79.15,79.15,0.0,7616,596823,32.27,35.0,44.15,0.117,19,1,0,0,0,0,0,Otto_instance_n=20_288_c03,Otto_instance_n=20_288,Otto_instance_n=20_288,c03,extra_remaining_instances_2026-06-10
2,205.0,90.85,5,5,1,True,90.85,90.85,0.0,7243,681764,35.86,64.0,26.85,0.463,16,0,0,0,0,3,1,Otto_instance_n=20_288_c03,Otto_instance_n=20_288,Otto_instance_n=20_288,c03,extra_remaining_instances_2026-06-10
3,174.0,301.6,5,4,2,True,301.6,301.6,0.0,123541,8223992,297.33,278.0,23.6,0.764,13,2,0,0,0,3,2,Otto_instance_n=20_288_c03,Otto_instance_n=20_288,Otto_instance_n=20_288,c03,extra_remaining_instances_2026-06-10
4,143.0,540.6999999999999,5,3,3,False,292.27028884,540.7,45.9459,101747,7690500,300.32,516.0,24.7,0.8353,8,6,0,0,0,3,3,Otto_instance_n=20_288_c03,Otto_instance_n=20_288,Otto_instance_n=20_288,c03,extra_remaining_instances_2026-06-10
5,107.0,777.0,5,2,3,True,777.0,777.0,0.0,38197,2426847,91.29,774.0,3.0,0.98,7,13,0,0,0,0,0,Otto_instance_n=20_288_c03,Otto_instance_n=20_288,Otto_instance_n=20_288,c03,extra_remaining_instances_2026-06-10
6,76.0,1014.75,5,1,4,True,1014.75,1014.75,0.0,151337,4053256,189.23,1010.0,4.75,0.9762,4,16,0,0,0,0,0,Otto_instance_n=20_288_c03,Otto_instance_n=20_288,Otto_instance_n=20_288,c03,extra_remaining_instances_2026-06-10
7,54.0,1330.3000000000002,6,0,6,True,1330.3,1330.3,0.0,841,64709,3.85,1277.0,53.3,0.8223,0,20,0,0,0,0,0,Otto_instance_n=20_288_c03,Otto_instance_n=20_288,Otto_instance_n=20_288,c03,extra_remaining_instances_2026-06-10
0,240.0,0.0,6,6,0,True,240.0,240.0,0.0,0,697,0.03,0.0,0.0,,20,0,0,0,0,0,0,Otto_instance_n=20_288_c04,Otto_instance_n=20_288,Otto_instance_n=20_288,c04,extra_remaining_instances_2026-06-10
1,209.0,81.65,6,5,1,True,81.65,81.65,0.0,7043,260845,7.99,40.0,41.65,0.167,19,1,0,0,0,0,0,Otto_instance_n=20_288_c04,Otto_instance_n=20_288,Otto_instance_n=20_288,c04,extra_remaining_instances_2026-06-10
2,205.0,89.45,5,5,1,True,89.45,89.45,0.0,4483,500302,10.46,58.0,31.45,0.371,16,0,0,0,4,0,0,Otto_instance_n=20_288_c04,Otto_instance_n=20_288,Otto_instance_n=20_288,c04,extra_remaining_instances_2026-06-10
3,165.0,128.35,4,4,1,True,128.35,128.35,0.0,9130,894881,32.81,116.0,12.35,0.753,12,0,0,0,8,0,0,Otto_instance_n=20_288_c04,Otto_instance_n=20_288,Otto_instance_n=20_288,c04,extra_remaining_instances_2026-06-10
4,130.0,250.95,3,3,2,True,250.95,250.95,0.0,6219,487693,15.5,222.0,28.95,0.7105,5,0,0,0,15,0,0,Otto_instance_n=20_288_c04,Otto_instance_n=20_288,Otto_instance_n=20_288,c04,extra_remaining_instances_2026-06-10
5,90.0,295.65,2,2,2,True,295.65,295.65,0.0,3007,669180,20.25,288.0,7.65,0.9235,0,0,0,0,20,0,0,Otto_instance_n=20_288_c04,Otto_instance_n=20_288,Otto_instance_n=20_288,c04,extra_remaining_instances_2026-06-10
6,81.0,973.55,5,1,5,True,973.55,973.55,0.0,239,50008,2.88,928.0,45.55,0.8178,0,9,0,0,11,0,0,Otto_instance_n=20_288_c04,Otto_instance_n=20_288,Otto_instance_n=20_288,c04,extra_remaining_instances_2026-06-10
7,72.0,1915.6499999999999,8,0,8,True,1915.65,1915.65,0.0,668,84719,3.14,1875.0,40.65,0.8984,0,20,0,0,0,0,0,Otto_instance_n=20_288_c04,Otto_instance_n=20_288,Otto_instance_n=20_288,c04,extra_remaining_instances_2026-06-10
0,240.0,0.0,6,6,0,True,240.0,240.0,0.0,0,697,0.04,0.0,0.0,,20,0,0,0,0,0,0,Otto_instance_n=20_288_c05,Otto_instance_n=20_288,Otto_instance_n=20_288,c05,extra_remaining_instances_2026-06-10
1,205.0,69.65,5,5,1,True,69.65,69.65,0.0,7496,750983,38.66,32.0,37.65,0.247,15,0,0,0,0,4,1,Otto_instance_n=20_288_c05,Otto_instance_n=20_288,Otto_instance_n=20_288,c05,extra_remaining_instances_2026-06-10
2,170.0,231.79999999999998,4,4,2,True,231.8,231.8,0.0,95829,4325646,283.95,213.0,18.8,0.812,7,0,0,0,0,8,5,Otto_instance_n=20_288_c05,Otto_instance_n=20_288,Otto_instance_n=20_288,c05,extra_remaining_instances_2026-06-10
3,144.0,519.65,4,3,4,False,322.9829122,519.65,37.8461,119665,6811376,300.33,486.0,33.65,0.8317,0,1,0,0,0,10,9,Otto_instance_n=20_288_c05,Otto_instance_n=20_288,Otto_instance_n=20_288,c05,extra_remaining_instances_2026-06-10
4,143.0,631.6,5,3,3,False,400.63742434,631.6,36.5679,106163,7084190,300.31,630.0,1.6,0.9893,8,6,0,0,0,4,2,Otto_instance_n=20_288_c05,Otto_instance_n=20_288,Otto_instance_n=20_288,c05,extra_remaining_instances_2026-06-10
5,117.0,916.15,5,2,5,False,473.65,916.15,48.3,154971,8362747,300.31,887.0,29.15,0.8834,0,7,0,0,5,5,3,Otto_instance_n=20_288_c05,Otto_instance_n=20_288,Otto_instance_n=20_288,c05,extra_remaining_instances_2026-06-10
6,99.0,1369.7999999999997,7,1,7,False,1027.6171233,1369.8,24.9805,141459,6332861,301.1,1311.0,58.8,0.832,0,13,0,0,0,4,3,Otto_instance_n=20_288_c05,Otto_instance_n=20_288,Otto_instance_n=20_288,c05,extra_remaining_instances_2026-06-10
7,90.0,1393.75,6,1,6,True,1393.75,1393.75,0.0,28317,1397237,48.57,1380.0,13.75,0.9542,0,15,0,0,5,0,0,Otto_instance_n=20_288_c05,Otto_instance_n=20_288,Otto_instance_n=20_288,c05,extra_remaining_instances_2026-06-10
8,72.0,1854.4999999999998,8,0,8,True,1854.5,1854.5,0.0,1569,153829,6.76,1810.0,44.5,0.8887,0,20,0,0,0,0,0,Otto_instance_n=20_288_c05,Otto_instance_n=20_288,Otto_instance_n=20_288,c05,extra_remaining_instances_2026-06-10
0,240.0,0.0,6,6,0,True,240.0,240.0,0.0,0,697,0.03,0.0,0.0,,20,0,0,0,0,0,0,Otto_instance_n=20_288_c06,Otto_instance_n=20_288,Otto_instance_n=20_288,c06,extra_remaining_instances_2026-06-10
1,205.0,81.8,5,5,1,True,81.8,81.8,0.0,6605,584391,17.0,50.0,31.8,0.364,17,0,0,0,0,2,1,Otto_instance_n=20_288_c06,Otto_instance_n=20_288,Otto_instance_n=20_288,c06,extra_remaining_instances_2026-06-10
2,174.0,342.95,5,4,2,False,236.45844981,342.95,31.0516,111279,7667631,300.31,325.0,17.95,0.8205,13,2,0,0,0,3,2,Otto_instance_n=20_288_c06,Otto_instance_n=20_288,Otto_instance_n=20_288,c06,extra_remaining_instances_2026-06-10
3,148.0,668.7,5,3,4,False,314.68876659,668.7,52.9402,100192,6071966,300.32,635.0,33.7,0.8315,5,3,0,0,0,7,5,Otto_instance_n=20_288_c06,Otto_instance_n=20_288,Otto_instance_n=20_288,c06,extra_remaining_instances_2026-06-10
4,147.0,688.6500000000001,6,3,3,True,688.65,688.65,0.0,91688,7590463,299.08,679.0,9.65,0.9357,12,8,0,0,0,0,0,Otto_instance_n=20_288_c06,Otto_instance_n=20_288,Otto_instance_n=20_288,c06,extra_remaining_instances_2026-06-10
5,121.0,1027.8,6,2,5,False,442.60916584,1027.8,56.9363,80668,8064307,300.3,1000.0,27.8,0.8888,5,8,0,0,0,4,3,Otto_instance_n=20_288_c06,Otto_instance_n=20_288,Otto_instance_n=20_288,c06,extra_remaining_instances_2026-06-10
6,94.0,1412.85,7,1,6,False,737.0,1412.85,47.8359,82096,6620689,300.31,1397.0,15.85,0.9472,5,15,0,0,0,0,0,Otto_instance_n=20_288_c06,Otto_instance_n=20_288,Otto_instance_n=20_288,c06,extra_remaining_instances_2026-06-10
7,72.0,1815.5500000000002,8,0,8,True,1815.55,1815.55,0.0,20508,1000354,30.73,1768.0,47.55,0.8811,0,20,0,0,0,0,0,Otto_instance_n=20_288_c06,Otto_instance_n=20_288,Otto_instance_n=20_288,c06,extra_remaining_instances_2026-06-10
0,240.0,0.0,6,6,0,True,240.0,240.0,0.0,0,697,0.03,0.0,0.0,,20,0,0,0,0,0,0,Otto_instance_n=20_288_c07,Otto_instance_n=20_288,Otto_instance_n=20_288,c07,extra_remaining_instances_2026-06-10
1,205.0,89.35,5,5,1,True,89.35,89.35,0.0,6500,282823,7.59,66.0,23.35,0.533,17,0,0,0,0,2,1,Otto_instance_n=20_288_c07,Otto_instance_n=20_288,Otto_instance_n=20_288,c07,extra_remaining_instances_2026-06-10
2,165.0,128.15,4,4,1,True,128.15,128.15,0.0,4639,269622,6.97,117.0,11.15,0.777,11,0,0,0,9,0,0,Otto_instance_n=20_288_c07,Otto_instance_n=20_288,Otto_instance_n=20_288,c07,extra_remaining_instances_2026-06-10
3,130.0,259.75,3,3,2,True,259.75,259.75,0.0,6550,604585,16.72,236.0,23.75,0.7625,3,0,0,0,17,0,0,Otto_instance_n=20_288_c07,Otto_instance_n=20_288,Otto_instance_n=20_288,c07,extra_remaining_instances_2026-06-10
4,90.0,302.7,2,2,2,True,302.7,302.7,0.0,453,155038,5.64,299.0,3.7,0.963,0,0,0,0,20,0,0,Otto_instance_n=20_288_c07,Otto_instance_n=20_288,Otto_instance_n=20_288,c07,extra_remaining_instances_2026-06-10
0,240.0,0.0,6,6,0,True,240.0,240.0,0.0,0,697,0.04,0.0,0.0,,20,0,0,0,0,0,0,Otto_instance_n=20_288_c08,Otto_instance_n=20_288,Otto_instance_n=20_288,c08,extra_remaining_instances_2026-06-10
1,209.0,102.7,6,5,1,True,102.7,102.7,0.0,6612,479212,17.93,66.0,36.7,0.266,19,1,0,0,0,0,0,Otto_instance_n=20_288_c08,Otto_instance_n=20_288,Otto_instance_n=20_288,c08,extra_remaining_instances_2026-06-10
2,205.0,112.6,5,5,1,True,112.6,112.6,0.0,5199,446365,12.12,95.0,17.6,0.648,16,0,0,0,4,0,0,Otto_instance_n=20_288_c08,Otto_instance_n=20_288,Otto_instance_n=20_288,c08,extra_remaining_instances_2026-06-10
3,170.0,292.34999999999997,4,4,2,True,292.35,292.35,0.0,27419,2615253,93.21,288.0,4.35,0.9565,8,0,0,0,12,0,0,Otto_instance_n=20_288_c08,Otto_instance_n=20_288,Otto_instance_n=20_288,c08,extra_remaining_instances_2026-06-10
4,144.0,668.7,4,3,4,True,668.7,668.7,0.0,41582,4042385,137.61,658.0,10.7,0.9465,0,3,0,0,17,0,0,Otto_instance_n=20_288_c08,Otto_instance_n=20_288,Otto_instance_n=20_288,c08,extra_remaining_instances_2026-06-10
5,135.0,1357.1999999999998,7,2,7,True,1357.2,1357.2,0.0,6513,748081,16.49,1299.0,58.2,0.8337,0,9,0,0,11,0,0,Otto_instance_n=20_288_c08,Otto_instance_n=20_288,Otto_instance_n=20_288,c08,extra_remaining_instances_2026-06-10
0,240.0,0.0,6,6,0,True,240.0,240.0,0.0,0,697,0.04,0.0,0.0,,20,0,0,0,0,0,0,Otto_instance_n=20_288_c09,Otto_instance_n=20_288,Otto_instance_n=20_288,c09,extra_remaining_instances_2026-06-10
1,205.0,88.0,5,5,1,True,88.0,88.0,0.0,7757,494748,19.3,62.0,26.0,0.48,15,0,0,0,0,4,1,Otto_instance_n=20_288_c09,Otto_instance_n=20_288,Otto_instance_n=20_288,c09,extra_remaining_instances_2026-06-10
2,175.0,370.4,4,4,3,False,318.89640861,370.4,13.9049,191457,8092086,300.34,357.0,13.4,0.9107,4,0,0,0,0,11,5,Otto_instance_n=20_288_c09,Otto_instance_n=20_288,Otto_instance_n=20_288,c09,extra_remaining_instances_2026-06-10
3,162.0,947.5,6,3,6,False,492.68692207,947.5,48.0014,107781,8483025,300.32,883.0,64.5,0.785,0,4,0,0,0,10,6,Otto_instance_n=20_288_c09,Otto_instance_n=20_288,Otto_instance_n=20_288,c09,extra_remaining_instances_2026-06-10
4,157.0,968.35,6,3,5,False,604.35247949,968.35,37.5895,128895,8842392,300.3,942.0,26.35,0.8946,4,5,0,0,0,8,3,Otto_instance_n=20_288_c09,Otto_instance_n=20_288,Otto_instance_n=20_288,c09,extra_remaining_instances_2026-06-10
5,144.0,1551.4500000000003,8,2,8,False,725.31782612,1551.45,53.249,95373,6361816,300.44,1481.0,70.45,0.8239,0,9,0,0,0,7,4,Otto_instance_n=20_288_c09,Otto_instance_n=20_288,Otto_instance_n=20_288,c09,extra_remaining_instances_2026-06-10
6,135.0,1583.6,7,2,7,True,1583.6,1583.6,0.0,105167,6385658,211.01,1565.0,18.6,0.9469,0,9,0,0,0,7,4,Otto_instance_n=20_288_c09,Otto_instance_n=20_288,Otto_instance_n=20_288,c09,extra_remaining_instances_2026-06-10
7,126.0,2223.1,10,1,10,False,754.36174091,2223.1,66.0671,32493,6249136,300.29,2154.0,69.1,0.8618,0,15,0,0,0,3,2,Otto_instance_n=20_288_c09,Otto_instance_n=20_288,Otto_instance_n=20_288,c09,extra_remaining_instances_2026-06-10
0,120.0,0.0,3,3,0,True,120.0,120.0,0.0,0,0,0.02,0.0,0.0,,20,0,0,0,0,0,0,Otto_instance_n=20_455_c01,Otto_instance_n=20_455,Otto_instance_n=20_455,c01,extra_remaining_instances_2026-06-10
1,85.0,125.05,2,2,1,True,125.05,125.05,0.0,16726,757661,38.51,109.0,16.05,0.679,7,0,0,0,13,0,0,Otto_instance_n=20_455_c01,Otto_instance_n=20_455,Otto_instance_n=20_455,c01,extra_remaining_instances_2026-06-10
2,54.0,244.25,2,1,2,True,244.25,244.25,0.0,1262,74846,3.33,204.0,40.25,0.5975,0,2,0,0,18,0,0,Otto_instance_n=20_455_c01,Otto_instance_n=20_455,Otto_instance_n=20_455,c01,extra_remaining_instances_2026-06-10
3,27.0,720.4,3,0,3,True,720.4,720.4,0.0,0,847,0.61,708.0,12.4,0.9173,0,20,0,0,0,0,0,Otto_instance_n=20_455_c01,Otto_instance_n=20_455,Otto_instance_n=20_455,c01,extra_remaining_instances_2026-06-10
0,120.0,0.0,3,3,0,True,120.0,120.0,0.0,0,0,0.02,0.0,0.0,,20,0,0,0,0,0,0,Otto_instance_n=20_455_c02,Otto_instance_n=20_455,Otto_instance_n=20_455,c02,extra_remaining_instances_2026-06-10
1,90.0,202.8,2,2,2,True,202.8,202.8,0.0,69326,1459719,81.23,162.0,40.8,0.592,0,0,0,0,0,12,8,Otto_instance_n=20_455_c02,Otto_instance_n=20_455,Otto_instance_n=20_455,c02,extra_remaining_instances_2026-06-10
2,89.0,219.9,3,2,1,True,219.9,219.9,0.0,1581,120820,3.76,209.0,10.9,0.782,13,7,0,0,0,0,0,Otto_instance_n=20_455_c02,Otto_instance_n=20_455,Otto_instance_n=20_455,c02,extra_remaining_instances_2026-06-10
3,63.0,467.3,3,1,3,True,467.3,467.3,0.0,17088,706525,23.57,416.0,51.3,0.658,0,10,0,0,0,5,5,Otto_instance_n=20_455_c02,Otto_instance_n=20_455,Otto_instance_n=20_455,c02,extra_remaining_instances_2026-06-10
4,58.0,476.9,3,1,2,True,476.9,476.9,0.0,1324,54687,1.62,464.0,12.9,0.871,5,15,0,0,0,0,0,Otto_instance_n=20_455_c02,Otto_instance_n=20_455,Otto_instance_n=20_455,c02,extra_remaining_instances_2026-06-10
5,27.0,749.85,3,0,3,True,749.85,749.85,0.0,416,32370,0.99,735.0,14.85,0.901,0,20,0,0,0,0,0,Otto_instance_n=20_455_c02,Otto_instance_n=20_455,Otto_instance_n=20_455,c02,extra_remaining_instances_2026-06-10
0,120.0,0.0,3,3,0,True,120.0,120.0,0.0,0,0,0.02,0.0,0.0,,20,0,0,0,0,0,0,Otto_instance_n=20_455_c03,Otto_instance_n=20_455,Otto_instance_n=20_455,c03,extra_remaining_instances_2026-06-10
1,89.0,206.4,3,2,1,True,206.4,206.4,0.0,10281,797143,38.52,194.0,12.4,0.752,13,7,0,0,0,0,0,Otto_instance_n=20_455_c03,Otto_instance_n=20_455,Otto_instance_n=20_455,c03,extra_remaining_instances_2026-06-10
2,58.0,461.25,3,1,2,True,461.25,461.25,0.0,5017,222155,6.3,448.0,13.25,0.8675,5,15,0,0,0,0,0,Otto_instance_n=20_455_c03,Otto_instance_n=20_455,Otto_instance_n=20_455,c03,extra_remaining_instances_2026-06-10
3,27.0,728.1499999999999,3,0,3,True,728.15,728.15,0.0,0,1151,0.68,715.0,13.15,0.9123,0,20,0,0,0,0,0,Otto_instance_n=20_455_c03,Otto_instance_n=20_455,Otto_instance_n=20_455,c03,extra_remaining_instances_2026-06-10
0,120.0,0.0,3,3,0,True,120.0,120.0,0.0,0,0,0.02,0.0,0.0,,20,0,0,0,0,0,0,Otto_instance_n=20_455_c04,Otto_instance_n=20_455,Otto_instance_n=20_455,c04,extra_remaining_instances_2026-06-10
1,85.0,122.2,2,2,1,True,122.2,122.2,0.0,1198,159124,6.22,106.0,16.2,0.676,9,0,0,0,11,0,0,Otto_instance_n=20_455_c04,Otto_instance_n=20_455,Otto_instance_n=20_455,c04,extra_remaining_instances_2026-06-10
2,54.0,244.0,2,1,2,True,244.0,244.0,0.0,99,18177,1.85,204.0,40.0,0.6,0,2,0,0,18,0,0,Otto_instance_n=20_455_c04,Otto_instance_n=20_455,Otto_instance_n=20_455,c04,extra_remaining_instances_2026-06-10
3,45.0,1098.7,5,0,5,True,1098.7,1098.7,0.0,0,744,0.57,1050.0,48.7,0.8052,0,20,0,0,0,0,0,Otto_instance_n=20_455_c04,Otto_instance_n=20_455,Otto_instance_n=20_455,c04,extra_remaining_instances_2026-06-10
0,120.0,0.0,3,3,0,True,120.0,120.0,0.0,0,0,0.02,0.0,0.0,,20,0,0,0,0,0,0,Otto_instance_n=20_455_c05,Otto_instance_n=20_455,Otto_instance_n=20_455,c05,extra_remaining_instances_2026-06-10
1,90.0,214.65,2,2,2,True,214.65,214.65,0.0,38989,1045523,68.24,181.0,33.65,0.6635,0,0,0,0,0,12,8,Otto_instance_n=20_455_c05,Otto_instance_n=20_455,Otto_instance_n=20_455,c05,extra_remaining_instances_2026-06-10
2,63.0,592.15,3,1,3,True,592.15,592.15,0.0,21164,718903,24.79,576.0,16.15,0.8923,0,12,0,0,0,4,4,Otto_instance_n=20_455_c05,Otto_instance_n=20_455,Otto_instance_n=20_455,c05,extra_remaining_instances_2026-06-10
3,45.0,1069.55,5,0,5,True,1069.55,1069.55,0.0,84,12481,1.02,1017.0,52.55,0.7898,0,20,0,0,0,0,0,Otto_instance_n=20_455_c05,Otto_instance_n=20_455,Otto_instance_n=20_455,c05,extra_remaining_instances_2026-06-10
0,120.0,0.0,3,3,0,True,120.0,120.0,0.0,0,0,0.02,0.0,0.0,,20,0,0,0,0,0,0,Otto_instance_n=20_455_c06,Otto_instance_n=20_455,Otto_instance_n=20_455,c06,extra_remaining_instances_2026-06-10
1,94.0,306.15,3,2,2,True,306.15,306.15,0.0,50685,2229922,101.31,279.0,27.15,0.7285,6,4,0,0,0,6,4,Otto_instance_n=20_455_c06,Otto_instance_n=20_455,Otto_instance_n=20_455,c06,extra_remaining_instances_2026-06-10
2,63.0,632.1,3,1,3,True,632.1,632.1,0.0,32300,1369233,44.26,622.0,10.1,0.9327,0,11,0,0,0,4,5,Otto_instance_n=20_455_c06,Otto_instance_n=20_455,Otto_instance_n=20_455,c06,extra_remaining_instances_2026-06-10
3,45.0,1067.95,5,0,5,True,1067.95,1067.95,0.0,0,673,0.94,1013.0,54.95,0.7802,0,20,0,0,0,0,0,Otto_instance_n=20_455_c06,Otto_instance_n=20_455,Otto_instance_n=20_455,c06,extra_remaining_instances_2026-06-10
0,120.0,0.0,3,3,0,True,120.0,120.0,0.0,0,0,0.02,0.0,0.0,,20,0,0,0,0,0,0,Otto_instance_n=20_455_c07,Otto_instance_n=20_455,Otto_instance_n=20_455,c07,extra_remaining_instances_2026-06-10
1,85.0,118.95,2,2,1,True,118.95,118.95,0.0,104,53298,3.44,102.0,16.95,0.661,9,0,0,0,11,0,0,Otto_instance_n=20_455_c07,Otto_instance_n=20_455,Otto_instance_n=20_455,c07,extra_remaining_instances_2026-06-10
2,54.0,276.2,2,1,2,True,276.2,276.2,0.0,39,8588,1.49,244.0,32.2,0.678,0,3,0,0,17,0,0,Otto_instance_n=20_455_c07,Otto_instance_n=20_455,Otto_instance_n=20_455,c07,extra_remaining_instances_2026-06-10
0,120.0,0.0,3,3,0,True,120.0,120.0,0.0,0,0,0.03,0.0,0.0,,20,0,0,0,0,0,0,Otto_instance_n=20_455_c08,Otto_instance_n=20_455,Otto_instance_n=20_455,c08,extra_remaining_instances_2026-06-10
1,94.0,279.40000000000003,3,2,2,True,279.4,279.4,0.0,3424,351699,11.12,248.0,31.4,0.686,6,2,0,0,12,0,0,Otto_instance_n=20_455_c08,Otto_instance_n=20_455,Otto_instance_n=20_455,c08,extra_remaining_instances_2026-06-10
2,90.0,287.3,2,2,2,True,287.3,287.3,0.0,665,71733,3.07,276.0,11.3,0.887,0,0,0,0,20,0,0,Otto_instance_n=20_455_c08,Otto_instance_n=20_455,Otto_instance_n=20_455,c08,extra_remaining_instances_2026-06-10
3,72.0,792.7499999999999,4,1,4,True,792.75,792.75,0.0,483,60754,3.5,768.0,24.75,0.8762,0,12,0,0,8,0,0,Otto_instance_n=20_455_c08,Otto_instance_n=20_455,Otto_instance_n=20_455,c08,extra_remaining_instances_2026-06-10
4,63.0,1537.75,7,0,7,True,1537.75,1537.75,0.0,0,1487,1.43,1477.0,60.75,0.8264,0,20,0,0,0,0,0,Otto_instance_n=20_455_c08,Otto_instance_n=20_455,Otto_instance_n=20_455,c08,extra_remaining_instances_2026-06-10
0,120.0,0.0,3,3,0,True,120.0,120.0,0.0,0,0,0.02,0.0,0.0,,20,0,0,0,0,0,0,Otto_instance_n=20_455_c09,Otto_instance_n=20_455,Otto_instance_n=20_455,c09,extra_remaining_instances_2026-06-10
1,99.0,362.95,3,2,3,True,362.95,362.95,0.0,40975,1194128,74.99,315.0,47.95,0.6803,0,1,0,0,0,13,6,Otto_instance_n=20_455_c09,Otto_instance_n=20_455,Otto_instance_n=20_455,c09,extra_remaining_instances_2026-06-10
2,98.0,478.75,4,2,2,True,478.75,478.75,0.0,6248,258132,8.24,468.0,10.75,0.8925,13,7,0,0,0,0,0,Otto_instance_n=20_455_c09,Otto_instance_n=20_455,Otto_instance_n=20_455,c09,extra_remaining_instances_2026-06-10
3,81.0,983.3999999999999,5,1,5,True,983.4,983.4,0.0,34030,1165147,44.95,936.0,47.4,0.8104,0,12,0,0,0,5,3,Otto_instance_n=20_455_c09,Otto_instance_n=20_455,Otto_instance_n=20_455,c09,extra_remaining_instances_2026-06-10
4,76.0,1019.4,5,1,4,True,1019.4,1019.4,0.0,364,38604,2.3,1007.0,12.4,0.938,5,15,0,0,0,0,0,Otto_instance_n=20_455_c09,Otto_instance_n=20_455,Otto_instance_n=20_455,c09,extra_remaining_instances_2026-06-10
5,63.0,1650.8499999999997,7,0,7,True,1650.85,1650.85,0.0,450,43508,2.32,1598.0,52.85,0.849,0,20,0,0,0,0,0,Otto_instance_n=20_455_c09,Otto_instance_n=20_455,Otto_instance_n=20_455,c09,extra_remaining_instances_2026-06-10
