bin,rank_min_pct,rank_max_pct,n_points,cost_position_mean_pct,relative_energy_pct,pct_HI,pct_CI,pct_SEH,pct_SEC,pct_SU,pct_SIH,pct_SIC
1,0.0,4.805,21,0.0,60.711,0.0,100.0,0.0,0.0,0.0,0.0,0.0
2,4.805,9.84,22,8.082,75.728,2.601,88.561,0.0,0.0,8.838,0.0,0.0
3,9.84,14.874,22,16.78,58.428,6.926,64.866,0.0,0.0,26.617,0.455,1.136
4,14.874,19.908,22,21.165,67.998,10.256,70.755,0.0,0.0,13.935,3.218,1.836
5,19.908,24.943,22,28.849,36.655,11.418,28.805,0.0,0.0,54.777,2.045,2.955
6,24.943,29.977,22,33.56,46.059,24.903,48.319,0.0,0.0,15.872,6.552,4.355
7,29.977,34.783,21,38.504,53.321,6.692,44.903,0.0,0.0,27.453,10.303,10.649
8,34.783,39.817,22,41.847,37.508,31.353,27.656,0.0,0.0,35.147,3.604,2.24
9,39.817,44.851,22,45.474,44.74,39.482,39.644,0.0,0.0,13.828,3.636,3.409
10,44.851,49.886,22,49.355,31.951,36.566,27.27,0.0,0.0,17.428,11.992,6.744
11,49.886,54.92,22,56.375,36.011,28.595,20.793,0.0,0.0,30.55,11.508,8.554
12,54.92,59.954,22,61.317,15.781,48.4,5.165,0.0,0.0,40.753,3.182,2.5
13,59.954,64.989,22,65.758,19.359,57.617,20.817,0.0,0.0,2.02,12.727,6.818
14,64.989,69.794,21,69.87,17.225,38.358,5.173,0.0,0.0,24.255,19.116,13.098
15,69.794,74.828,22,77.186,17.253,63.824,7.643,0.0,0.0,14.05,9.153,5.331
16,74.828,79.863,22,80.771,8.635,82.216,3.541,0.682,0.227,7.879,4.091,1.364
17,79.863,84.897,22,94.543,2.432,97.298,2.702,0.0,0.0,0.0,0.0,0.0
18,84.897,89.931,22,100.0,0.0,100.0,0.0,0.0,0.0,0.0,0.0,0.0
19,89.931,94.966,22,100.0,0.0,100.0,0.0,0.0,0.0,0.0,0.0,0.0
20,94.966,100.0,22,100.0,0.0,100.0,0.0,0.0,0.0,0.0,0.0,0.0
