bin,front_position_min_pct,front_position_max_pct,n_points,relative_energy_pct,pct_HI,pct_CI,pct_SEH,pct_SEC,pct_SU,pct_SIH,pct_SIC
1,0.0,4.167,24,65.58,0.0,100.0,0.0,0.0,0.0,0.0,0.0
2,4.167,8.333,5,92.989,0.0,100.0,0.0,0.0,0.0,0.0,0.0
3,8.333,12.5,15,64.404,5.296,81.741,0.0,0.0,12.963,0.0,0.0
4,12.5,16.667,8,57.25,0.0,70.298,0.0,0.0,25.327,1.25,3.125
5,16.667,20.833,27,63.455,10.965,69.398,0.0,0.0,18.402,0.823,0.412
6,20.833,25.0,6,65.77,7.87,60.004,0.0,0.0,19.15,8.095,4.881
7,25.0,29.167,22,39.18,7.946,28.742,0.0,0.0,58.313,2.045,2.955
8,29.167,33.333,11,53.796,29.947,49.687,0.0,0.0,8.678,7.359,4.329
9,33.333,37.5,15,40.827,25.413,45.55,0.0,0.0,21.613,4.212,3.212
10,37.5,41.667,29,47.633,14.502,39.552,0.0,0.0,28.619,8.84,8.487
11,41.667,45.833,26,46.425,28.012,37.25,0.0,0.0,26.236,4.588,3.915
12,45.833,50.0,20,36.517,37.81,33.437,0.0,0.0,12.571,10.727,5.455
13,50.0,54.167,12,29.485,45.787,25.335,0.0,0.0,21.496,4.107,3.274
14,54.167,58.333,20,32.84,30.205,16.849,0.0,0.0,30.878,12.659,9.409
15,58.333,62.5,22,15.781,48.4,5.165,0.0,0.0,40.753,3.182,2.5
16,62.5,66.667,13,22.392,67.716,18.866,0.0,0.0,3.419,6.538,3.462
17,66.667,70.833,23,15.116,41.683,9.249,0.0,0.0,19.537,18.204,11.327
18,70.833,75.0,10,28.606,33.231,19.542,0.0,0.0,11.0,21.273,14.955
19,75.0,79.167,15,13.828,62.818,3.0,0.0,0.0,17.273,11.091,5.818
20,79.167,83.333,30,8.885,84.265,5.29,0.5,0.167,5.778,3.0,1.0
21,83.333,87.5,3,3.951,95.0,5.0,0.0,0.0,0.0,0.0,0.0
22,87.5,91.667,0,,,,,,,,
23,91.667,95.833,0,,,,,,,,
24,95.833,100.0,81,0.0,100.0,0.0,0.0,0.0,0.0,0.0,0.0
