step_type,iteration,cost_limit,feasible,stop_reason,dominated,added_to_pareto,removed_existing_points,cost,energy,stations,workers,cobots,valid,certified,lb,ub,mip_gap_pct,n_nodes,solver_iterations,cpu_point_s,energy_tasks,energy_idle,cobot_util,HI,CI,SEH,SEC,SU,SIH,SIC
E0_HI_only,0,,True,,False,True,0,200.0,0.0,5,5,0,True,True,200.0,200.0,0.0,0,642,0.042244911193847656,0.0,0.0,,21,0,0,0,0,0,0
epsilon,1,199,True,,False,True,0,178.0,10.600000000000001,6,4,2,True,True,10.6,10.6,0.0,17919,1668208,74.82028412818909,10.0,0.6000000000000001,0.7391,19,2,0,0,0,0,0
epsilon,2,177,True,,False,True,0,165.0,25.8,8,3,5,True,True,25.8,25.8,0.0,64753,5008627,272.78922510147095,24.0,1.8,0.687,15,6,0,0,0,0,0
epsilon,3,164,True,,False,True,0,161.0,26.95,7,3,5,True,True,26.95,26.95,0.0,12097,2059668,86.66019368171692,26.0,0.9500000000000001,0.8348,10,6,0,0,0,3,2
epsilon,4,160,True,,False,True,0,156.0,27.35,7,3,4,True,True,27.35,27.35,0.0,12228,2214789,109.70119786262512,27.0,0.35000000000000003,0.9239,12,9,0,0,0,0,0
epsilon,5,155,True,,False,True,0,152.0,41.8,10,2,8,True,True,41.8,41.8,0.0,15775,2593419,108.96426296234131,39.0,2.8000000000000003,0.6957,10,11,0,0,0,0,0
epsilon,6,151,True,,False,True,0,148.0,42.15,9,2,8,True,True,42.15,42.15,0.0,3314,415794,20.990370988845825,40.0,2.15,0.7663,6,10,0,0,0,3,2
epsilon,7,147,True,,False,True,0,143.0,42.55,9,2,7,True,True,42.55,42.55,0.0,1751,440795,19.581741094589233,41.0,1.55,0.8075,8,13,0,0,0,0,0
epsilon,8,142,True,,False,True,0,139.0,60.6,12,1,11,True,True,60.6,60.6,0.0,2007,351251,12.225581884384155,57.0,3.6,0.7154,5,16,0,0,0,0,0
epsilon,9,138,True,,False,True,0,135.0,60.95,11,1,11,True,True,60.95,60.95,0.0,1171,309137,14.823517799377441,58.0,2.95,0.7668,0,16,0,0,0,3,2
epsilon,10,134,False,infeasible,,,0,,,,,,,,,,,,,,,,,,,,,,,
