point_idx,cost,energy,stations,workers,cobots,certified,lb,ub,mip_gap_pct,n_nodes,solver_iterations,cpu_s,energy_tasks,energy_idle,cobot_util,HI,CI,SEH,SEC,SU,SIH,SIC
0,200.0,0.0,5,5,0,True,200.0,200.0,0.0,0,642,0.04,0.0,0.0,,21,0,0,0,0,0,0
1,178.0,10.600000000000001,6,4,2,True,10.6,10.6,0.0,17919,1668208,74.82,10.0,0.6,0.7391,19,2,0,0,0,0,0
2,165.0,25.8,8,3,5,True,25.8,25.8,0.0,64753,5008627,272.79,24.0,1.8,0.687,15,6,0,0,0,0,0
3,161.0,26.95,7,3,5,True,26.95,26.95,0.0,12097,2059668,86.66,26.0,0.95,0.8348,10,6,0,0,0,3,2
4,156.0,27.35,7,3,4,True,27.35,27.35,0.0,12228,2214789,109.7,27.0,0.35,0.9239,12,9,0,0,0,0,0
5,152.0,41.8,10,2,8,True,41.8,41.8,0.0,15775,2593419,108.96,39.0,2.8,0.6957,10,11,0,0,0,0,0
6,148.0,42.15,9,2,8,True,42.15,42.15,0.0,3314,415794,20.99,40.0,2.15,0.7663,6,10,0,0,0,3,2
7,143.0,42.55,9,2,7,True,42.55,42.55,0.0,1751,440795,19.58,41.0,1.55,0.8075,8,13,0,0,0,0,0
8,139.0,60.6,12,1,11,True,60.6,60.6,0.0,2007,351251,12.23,57.0,3.6,0.7154,5,16,0,0,0,0,0
9,135.0,60.95,11,1,11,True,60.95,60.95,0.0,1171,309137,14.82,58.0,2.95,0.7668,0,16,0,0,0,3,2
